"Decision ID","الموضوع","التخصص","Results المتأثرة","عدد Results","السؤال القانوني","النظام","المادة","المصدر الرسمي","الوضع الحالي","مستوى الخطورة","Recommendation from audit","Lawyer Decision","Approved wording","Date approved","Lawyer name / reference","Requires future monitoring?","Review date"
"LD-001","طرق الاعتراض والمدد — نظام المرافعات الشرعية","القضاء العام والمرافعات","R-JUDGMENT-DEADLINE-REVIEW | R-JUDGMENT-OBJECT | R-JUDGMENT-CORRECTION | R-JUDGMENT-INTERPRET | R-PROC-APPEAL | R-PROC-APPEAL-URGENT | R-PROC-CASSATION | R-PROC-DEADLINE-EXPIRED | R-PROC-RECONSIDERATION | R-CASE-INTERRUPTION","10","ما مقدار المدة وبدايتها ونهايتها والاستثناءات وأثر فواتها وفق النص المطبق على هذه الحالة؟","نظام المرافعات الشرعية","نظام المرافعات الشرعية — المادتان 171–172 | نظام المرافعات الشرعية — المادتان 173–174 | نظام المرافعات الشرعية — المواد 176–190، وبخاصة 179 و187–188 | نظام المرافعات الشرعية — المواد 178–190، وبخاصة 179 و187–190 | نظام المرافعات الشرعية — المواد 193–199 | نظام المرافعات الشرعية — المواد 179–180 و187 و194 و200–204 | نظام المرافعات الشرعية — المواد 200–204، وبخاصة المادة 201 | نظام المرافعات الشرعية — المواد 88–91","https://laws.boe.gov.sa/BoeLaws/Laws/LawDetails/f0eaae46-9f84-40ee-815e-a9a700f268b3/1 | https://www.moj.gov.sa/ar/eservices/pages/3f275eb8-cf00-4a70-9e1d-e7aa2256bd75.aspx | https://moj.gov.sa/ar/eServices/Pages/cba332a0-28b8-4ce0-ab00-ef4ddeb9ab64.aspx | https://www.moj.gov.sa/ar/eServices/pages/aee148d0-b7f7-43eb-b1cf-8eabf4d8b10d.aspx | https://www.moj.gov.sa/ar/eServices/pages/34a53f98-57e0-4f8b-9bad-78a095ebae4b.aspx","PARTIALLY VERIFIED","CRITICAL","لا تعدّل آليًا؛ اعتمد قاعدة واحدة ثم طبّقها على جميع Results المرتبطة.","","","","","NO",""
"LD-002","التكاليف القضائية — القضاء العام والمرافعات","القضاء العام والمرافعات","R-PROC-URGENT | R-CASE-DEPOSIT-MEMO | R-CASE-EXPERT | R-CASE-FIRST-DEFENSE-MEMO | R-CASE-MONITOR | R-CASE-RESUME | R-CASE-STAY | R-CASE-WITHDRAW | R-NAJIZ-READ-REASON | R-NAJIZ-WAIT-AUDIT | R-CIVIL-EXPLOITATION | R-CIVIL-LIMITATION | R-CIVIL-SALE-DEFECT | R-CIVIL-SALE-HIDDEN-DEFECT | R-CIVIL-TORT-DAMAGES","15","ما مقدار المدة وبدايتها ونهايتها والاستثناءات وأثر فواتها وفق النص المطبق على هذه الحالة؟","نظام المرافعات الشرعية | نظام المعاملات المدنية","نظام المرافعات الشرعية — المواد 205–211؛ نظام التكاليف القضائية ولائحته التنفيذية | وزارة العدل — طلب إيداع مذكرة | وزارة العدل — طلب مذكرة الدفاع الأولى؛ نظام المرافعات الشرعية — المادة 45 بحسب المحكمة ونوع الدعوى | نظام المرافعات الشرعية — المواد 86–91؛ اللائحة التنفيذية للتكاليف القضائية — تكلفة طلب السير قبل انتهاء الوقف الاتفاقي؛ وزارة العدل — طلب استمرار السير في الدعوى | نظام المرافعات الشرعية — المادتان 86–87؛ وزارة العدل — طلب وقف السير في الدعوى | المادة 68: للمحكمة إنقاص التزامات المغبون أو زيادة التزامات الطرف الآخر أو إبطال العقد، ويجب رفع الدعوى خلال 180 يومًا من تاريخ التعاقد وإلا امتنع سماعها. | المادتان 68–69 | المادتان 295 و296 من نظام المعاملات المدنية، مع وجوب فحص بقية مواد الفرع والنصوص الخاصة قبل تقرير المدة النهائية. | المواد 295–306 | المواد 338–344","https://moj.gov.sa/ar/eservices/pages/d73f20f6-8693-4381-9a5a-1f7120815918.aspx | https://www.moj.gov.sa/ar/eservices/pages/d37abd59-ae3b-4881-9a13-4322bac124e1.aspx | https://www.moj.gov.sa/ar/eservices/pages/fbe131b9-406f-4fae-9438-64e2f259e3e8.aspx | https://www.moj.gov.sa/ar/eServices/pages/bcdcda2b-1b77-428b-ae80-0dfc04bf07fa.aspx | https://www.moj.gov.sa/ar/Ministry/Pages/CaseTripInMOJ.aspx | https://www.moj.gov.sa/ar/eServices/pages/7f9f1f8e-a582-4268-8c55-af8a9d9761ee.aspx | https://www.moj.gov.sa/ar/eservices/pages/d1ef87c9-918d-4106-81a3-1b937f114c27.aspx | https://www.moj.gov.sa/ar/eServices/Pages/5ccadb53-2b3c-4f58-b898-5b0d481c903a.aspx | https://laws.boe.gov.sa/BoeLaws/Laws/LawDetails/655fdb42-8c96-422b-b8c4-b04f0095c94c/1 | https://www.moj.gov.sa/ar/eservices/pages/928b8f02-19a7-482b-ba0e-29a151d9a900.aspx","PARTIALLY VERIFIED | VERIFIED","HIGH","لا تعدّل آليًا؛ اعتمد قاعدة واحدة ثم طبّقها على جميع Results المرتبطة.","","","","","NO",""
"LD-003","طرق الاعتراض والمدد — تحديد النظام الإجرائي المطبق","القضاء العام والمرافعات","R-CRIM-JUDGMENT-PROCEDURE | R-JUDGMENT-APPEAL-STATUS | R-JUDGMENT-CASSATION | R-JUDGMENT-CHECK-STAGE | R-JUDGMENT-COPY | R-JUDGMENT-OPPONENT-APPEAL | R-JUDGMENT-RECONSIDERATION-REVIEW | R-JUDGMENT-SUPREME-STATUS | R-CRIM-COURT | R-NAJIZ-JUDICIAL-COSTS-OBJECTION","10","ما مقدار المدة وبدايتها ونهايتها والاستثناءات وأثر فواتها وفق النص المطبق على هذه الحالة؟","","","https://www.moj.gov.sa/ar/Ministry/Pages/CaseTripInMOJ.aspx | https://www.moj.gov.sa/ar/eServices/pages/aee148d0-b7f7-43eb-b1cf-8eabf4d8b10d.aspx | https://www.moj.gov.sa/ar/eServices/pages/34a53f98-57e0-4f8b-9bad-78a095ebae4b.aspx | https://moj.gov.sa/ar/Ministry/Courts/Pages/FirstCourts.aspx | https://www.moj.gov.sa/ar/eservices/pages/143507f9-e5db-4423-a0c1-9f489c6c3893.aspx","PROCEDURAL GUIDANCE | PARTIALLY VERIFIED","HIGH","لا تعدّل آليًا؛ اعتمد قاعدة واحدة ثم طبّقها على جميع Results المرتبطة.","","","","","NO",""
"LD-004","المدد النظامية — نظام الإثبات نظام الإثبات","القضاء العام والمرافعات","R-EVID-ADMISSION | R-EVID-DIGITAL | R-EVID-DOCUMENT-PRODUCTION | R-EVID-OATH | R-EVID-RES-JUDICATA | R-EVID-WITNESS | R-EVID-WRITING","7","ما مقدار المدة وبدايتها ونهايتها والاستثناءات وأثر فواتها وفق النص المطبق على هذه الحالة؟","نظام الإثبات نظام الإثبات","باب الإقرار — نظام الإثبات | باب الدليل الرقمي — نظام الإثبات | باب إلزام الخصم بتقديم المحررات — نظام الإثبات | باب اليمين — نظام الإثبات | باب القرائن وحجية الأمر المقضي — نظام الإثبات | باب الشهادة — نظام الإثبات | أبواب المحررات والكتابة — نظام الإثبات","https://laws.boe.gov.sa/BoeLaws/Laws/LawDetails/2716057c-c097-4bad-8e1e-ae1400c678d5/1","PARTIALLY VERIFIED","HIGH","لا تعدّل آليًا؛ اعتمد قاعدة واحدة ثم طبّقها على جميع Results المرتبطة.","","","","","NO",""
"LD-005","المدد النظامية — نظام المرافعات الشرعية","القضاء العام والمرافعات","R-JUDGMENT-OMITTED-REQUEST | R-PROC-DEADLINE-CALC | R-CASE-STRUCK-REVIEW","3","ما مقدار المدة وبدايتها ونهايتها والاستثناءات وأثر فواتها وفق النص المطبق على هذه الحالة؟","نظام المرافعات الشرعية","نظام المرافعات الشرعية — المادة 175 | نظام المرافعات الشرعية — المواد 21–22 و194 | وزارة العدل — طلب إعادة النظر في قضية مشطوبة؛ نظام المرافعات الشرعية — أحكام شطب الدعوى بحسب النظام المنطبق","https://laws.boe.gov.sa/BoeLaws/Laws/LawDetails/f0eaae46-9f84-40ee-815e-a9a700f268b3/1","PARTIALLY VERIFIED","HIGH","لا تعدّل آليًا؛ اعتمد قاعدة واحدة ثم طبّقها على جميع Results المرتبطة.","","","","","NO",""
"LD-006","المدد النظامية — القضاء العام والمرافعات","القضاء العام والمرافعات","R-CRIM-CIVIL-GATE | R-CASE-INTERVENTION | R-CASE-JOIN","3","ما مقدار المدة وبدايتها ونهايتها والاستثناءات وأثر فواتها وفق النص المطبق على هذه الحالة؟","","","https://moj.gov.sa/ar/Ministry/Courts/Pages/FirstCourts.aspx | https://www.moj.gov.sa/ar/eServices/Pages/f0778b45-0b49-4612-aef8-42e432d3b773.aspx | https://www.moj.gov.sa/ar/eServices/pages/6d7b2dff-62e9-4d1e-b125-d6cc7d1cc1eb.aspx","PROCEDURAL GUIDANCE | PARTIALLY VERIFIED","HIGH","لا تعدّل آليًا؛ اعتمد قاعدة واحدة ثم طبّقها على جميع Results المرتبطة.","","","","","NO",""
"LD-007","الاختصاص والجهة — نظام الإجراءات الجزائية ولائحته التنفيذية","القضاء العام والمرافعات","R-CRIM-INVESTIGATION-PROCEDURE","1","هل الجهة والمحكمة ونوع الإجراء المحددة صحيحة لكل صور الحالة والاستثناءات المحتملة؟","نظام الإجراءات الجزائية ولائحته التنفيذية","الباب الرابع ينظم الاستجواب والمواجهة، أمر التوقيف، الإفراج المؤقت، وإنهاء التحقيق والتصرف في الدعوى.","https://www.moj.gov.sa/Documents/Regulations/pdf/LawOfCriminalProcedureAndItsExecutiveRegulations.pdf","PARTIALLY VERIFIED","HIGH","لا تعدّل آليًا؛ اعتمد قاعدة واحدة ثم طبّقها على جميع Results المرتبطة.","","","","","NO",""
"LD-008","المدد النظامية — نظام المرافعات الشرعية نظام المرافعات الشرعية","القضاء العام والمرافعات","R-PROC-ABSENCE","1","ما مقدار المدة وبدايتها ونهايتها والاستثناءات وأثر فواتها وفق النص المطبق على هذه الحالة؟","نظام المرافعات الشرعية نظام المرافعات الشرعية","باب حضور الخصوم وغيابهم — نظام المرافعات الشرعية","https://laws.boe.gov.sa/BoeLaws/Laws/LawDetails/f0eaae46-9f84-40ee-815e-a9a700f268b3/1","PARTIALLY VERIFIED","HIGH","لا تعدّل آليًا؛ اعتمد قاعدة واحدة ثم طبّقها على جميع Results المرتبطة.","","","","","NO",""
"LD-009","الاختصاص والجهة — نظام المرافعات الشرعية نظام المرافعات الشرعية","القضاء العام والمرافعات","R-PROC-DEFENSES","1","هل الجهة والمحكمة ونوع الإجراء المحددة صحيحة لكل صور الحالة والاستثناءات المحتملة؟","نظام المرافعات الشرعية نظام المرافعات الشرعية","باب الدفوع — نظام المرافعات الشرعية","https://laws.boe.gov.sa/BoeLaws/Laws/LawDetails/f0eaae46-9f84-40ee-815e-a9a700f268b3/1","PARTIALLY VERIFIED","HIGH","لا تعدّل آليًا؛ اعتمد قاعدة واحدة ثم طبّقها على جميع Results المرتبطة.","","","","","NO",""
"LD-010","طرق الاعتراض والمدد — نظام التكاليف القضائية","القضاء العام والمرافعات","R-PROC-JUDICIAL-COSTS","1","ما مقدار المدة وبدايتها ونهايتها والاستثناءات وأثر فواتها وفق النص المطبق على هذه الحالة؟","نظام التكاليف القضائية","نظام التكاليف القضائية — المواد 11–13","https://www.moj.gov.sa/ar/eservices/pages/143507f9-e5db-4423-a0c1-9f489c6c3893.aspx","PARTIALLY VERIFIED","HIGH","لا تعدّل آليًا؛ اعتمد قاعدة واحدة ثم طبّقها على جميع Results المرتبطة.","","","","","NO",""
"LD-011","المدد النظامية — نظام الإثبات","القضاء العام والمرافعات","R-EVID-BURDEN","1","ما مقدار المدة وبدايتها ونهايتها والاستثناءات وأثر فواتها وفق النص المطبق على هذه الحالة؟","نظام الإثبات","المواد 2–3","https://laws.boe.gov.sa/BoeLaws/Laws/LawDetails/2716057c-c097-4bad-8e1e-ae1400c678d5/1","PARTIALLY VERIFIED","HIGH","لا تعدّل آليًا؛ اعتمد قاعدة واحدة ثم طبّقها على جميع Results المرتبطة.","","","","","NO",""
"LD-012","طرق الاعتراض والمدد — نظام المعاملات المدنية","القضاء العام والمرافعات","R-CIVIL-INVALID-CONTRACT","1","ما مقدار المدة وبدايتها ونهايتها والاستثناءات وأثر فواتها وفق النص المطبق على هذه الحالة؟","نظام المعاملات المدنية","نظام المعاملات المدنية ينظم إنشاء العقد وانتهائه وبطلانه، مع عدم الإخلال بالإجراءات الشكلية والاختصاصات المقررة في الأنظمة الخاصة. | المواد 72 و75 و77–85","https://laws.boe.gov.sa/BoeLaws/Laws/LawDetails/655fdb42-8c96-422b-b8c4-b04f0095c94c/1","VERIFIED","HIGH","لا تعدّل آليًا؛ اعتمد قاعدة واحدة ثم طبّقها على جميع Results المرتبطة.","","","","","NO",""
"LD-013","الاختصاص والجهة — نظام المعاملات المدنية","القضاء العام والمرافعات","R-CIVIL-RESCISSION-CLAUSE","1","هل الجهة والمحكمة ونوع الإجراء المحددة صحيحة لكل صور الحالة والاستثناءات المحتملة؟","نظام المعاملات المدنية","المادة 108: يجوز الاتفاق على حق الدائن في فسخ العقد عند إخلال المدين دون حكم قضائي، ولا يعفي ذلك من الإعذار إلا إذا اتفق صراحة على الإعفاء. | المادة 108","https://laws.boe.gov.sa/BoeLaws/Laws/LawDetails/655fdb42-8c96-422b-b8c4-b04f0095c94c/1","VERIFIED","HIGH","لا تعدّل آليًا؛ اعتمد قاعدة واحدة ثم طبّقها على جميع Results المرتبطة.","","","","","NO",""
"LD-014","التنفيذ — دعوى أم طلب أم منازعة وأثر نظام التنفيذ الجديد","التنفيذ","R-PROC-CASSATION-STAY | R-REAL-GENERAL-COURT | R-LAWYER-JUDGMENT-STRATEGY | R-PROC-RECONSIDERATION-STAY | R-SP-ZATCA-WAIT | R-CIVIL-LEASE-DAMAGE | R-CIVIL-LEASE-DELIVERY | R-CIVIL-LEASE-END | R-CIVIL-LEASE-HOLDOVER | R-CIVIL-LEASE-RENT | R-CIVIL-LEASE-SUBLEASE | R-CIVIL-LEASE-TENANT-DAMAGE | R-CIVIL-GIFT-CONDITION | R-CIVIL-GIFT-FORMALITY | R-CIVIL-GIFT-NONOWNER | R-CIVIL-GIFT-REVOCATION | R-CIVIL-LOAN-EQUIVALENT | R-CIVIL-LOAN-NO-TERM | R-CIVIL-SETTLEMENT-DEBT | R-CIVIL-SETTLEMENT-EFFECT | R-CIVIL-SETTLEMENT-UNKNOWN | R-MONEY-DEBTOR-STATUS | R-MUN-COMMITTEE-JUDICIAL","23","ما مقدار المدة وبدايتها ونهايتها والاستثناءات وأثر فواتها وفق النص المطبق على هذه الحالة؟","نظام المرافعات الشرعية | نظام المعاملات المدنية: الهلاك الكلي يفسخ العقد من تلقاء نفسه؛ والهلاك الجزئي أو نقص الانتفاع غير الناشئ عن المستأجر يجيز طلب الفسخ أو إنقاص الأجرة. نظام المعاملات المدنية | نظام المعاملات المدنية: التسليم يكون بالتمكين من الانتفاع، ولا تستحق الأجرة عن مدة سبقت التسليم إذا لم يكن التأخير بسبب المستأجر. نظام المعاملات المدنية | نظام المعاملات المدنية: الأصل انتهاء الإيجار بانقضاء مدته ما لم يتجدد، ويجوز طلب الفسخ لعذر طارئ متعلق بأحد المتعاقدين مع التعويض عن الضرر وفق المادة 442. نظام المعاملات المدنية | نظام المعاملات المدنية: الرد واجب عند انتهاء العقد، والبقاء دون حق يرتب أجرة المثل؛ لكن استمرار الانتفاع برضا المؤجر قد يؤدي إلى تجدد العقد وفق المادة 440. نظام المعاملات المدنية | نظام المعاملات المدنية: يجوز تعجيل الأجرة أو تأجيلها أو تقسيطها، وعند غياب اتفاق على المواعيد تطبق قاعدة المادة 429. نظام المعاملات المدنية | نظام المعاملات المدنية: لا يجوز التأجير من الباطن أو التنازل إلا بإذن المؤجر أو إجازته، والمأذون له يتقيد بقيود المنفعة نوعًا وزمنًا. نظام المعاملات المدنية | نظام المعاملات المدنية: المستأجر يحافظ على المأجور ويعوض عن ضرر تعديه أو تقصيره، ويرده بالحالة التي تسلمه بها مع استثناء ما يقتضيه الاستعمال المعتاد. نظام المعاملات المدنية | نظام المعاملات المدنية | نظام إجراءات التراخيص البلدية","نظام المرافعات الشرعية — المادة 196 | نظام المرافعات الشرعية — المادة 202/2 | المادتان 420 و421 من نظام المعاملات المدنية: الهلاك الكلي يفسخ العقد من تلقاء نفسه؛ والهلاك الجزئي أو نقص الانتفاع غير الناشئ عن المستأجر يجيز طلب الفسخ أو إنقاص الأجرة. | المادتان 416 و429 من نظام المعاملات المدنية: التسليم يكون بالتمكين من الانتفاع، ولا تستحق الأجرة عن مدة سبقت التسليم إذا لم يكن التأخير بسبب المستأجر. | المادتان 440 و442 من نظام المعاملات المدنية: الأصل انتهاء الإيجار بانقضاء مدته ما لم يتجدد، ويجوز طلب الفسخ لعذر طارئ متعلق بأحد المتعاقدين مع التعويض عن الضرر وفق المادة 442. | المادتان 435 و440 من نظام المعاملات المدنية: الرد واجب عند انتهاء العقد، والبقاء دون حق يرتب أجرة المثل؛ لكن استمرار الانتفاع برضا المؤجر قد يؤدي إلى تجدد العقد وفق المادة 440. | المادتان 410 و429 من نظام المعاملات المدنية: يجوز تعجيل الأجرة أو تأجيلها أو تقسيطها، وعند غياب اتفاق على المواعيد تطبق قاعدة المادة 429. | المادتان 437 و438 من نظام المعاملات المدنية: لا يجوز التأجير من الباطن أو التنازل إلا بإذن المؤجر أو إجازته، والمأذون له يتقيد بقيود المنفعة نوعًا وزمنًا. | المادتان 430 و435 من نظام المعاملات المدنية: المستأجر يحافظ على المأجور ويعوض عن ضرر تعديه أو تقصيره، ويرده بالحالة التي تسلمه بها مع استثناء ما يقتضيه الاستعمال المعتاد. | المادتان 367 و376 | المواد 366–368 | المادة 369 | المواد 376–381 | المادة 388 | المادة 387 | المادة 397 | المواد 391–399 | المادة 395","https://www.moj.gov.sa/ar/eServices/pages/aee148d0-b7f7-43eb-b1cf-8eabf4d8b10d.aspx | https://www.ejar.sa/ar/faqs | https://www.moj.gov.sa/ar/eServices/Pages/cba332a0-28b8-4ce0-ab00-ef4ddeb9ab64.aspx | https://www.moj.gov.sa/ar/eServices/pages/34a53f98-57e0-4f8b-9bad-78a095ebae4b.aspx | https://zatca.gov.sa/ar/eServices/Pages/eServices-021.aspx | https://laws.boe.gov.sa/BoeLaws/Laws/LawDetails/655fdb42-8c96-422b-b8c4-b04f0095c94c/1 | https://www.moj.gov.sa/ar/eServices/pages/9bd2e276-3110-4e32-a00e-330de0fec9a4.aspx | https://laws.boe.gov.sa/BoeLaws/Laws/LawDetails/1dd4c3d4-f4e9-4c15-852f-a9a700f21cab/1","STALE RISK | HUMAN DECISION","CRITICAL","لا تعدّل آليًا؛ اعتمد قاعدة واحدة ثم طبّقها على جميع Results المرتبطة.","","","","","YES",""
"LD-015","التنفيذ — دعوى أم طلب أم منازعة وأثر نظام التنفيذ الجديد","التنفيذ","R-SP-CMA-COMPLAINT | R-SP-CMA-WAIT | R-SP-FINANCE-COMMITTEE | R-CIVIL-RESCISSION-BREACH","4","هل الجهة والمحكمة ونوع الإجراء المحددة صحيحة لكل صور الحالة والاستثناءات المحتملة؟","نظام التمويل العقاري | نظام المعاملات المدنية","المواد 161 و164 و170 و171 و176 و177 بحسب الطلب: التنفيذ عند الاستحقاق، التنفيذ العيني، التعويض عن عدم الوفاء/التأخير، والإعذار واستثناءاته. | المواد 107 و111–114","https://crsd.org.sa/ar/Guidelines/Documents/%D8%A7%D9%84%D8%AF%D9%84%D9%8A%D9%84%20%D8%A7%D9%84%D8%A5%D8%B1%D8%B4%D8%A7%D8%AF%D9%8A.pdf | https://rulebook.sama.gov.sa/ar/المادة-الثالثة-عشرة-13 | https://laws.boe.gov.sa/BoeLaws/Laws/LawDetails/655fdb42-8c96-422b-b8c4-b04f0095c94c/1","HUMAN DECISION | STALE RISK","CRITICAL","لا تعدّل آليًا؛ اعتمد قاعدة واحدة ثم طبّقها على جميع Results المرتبطة.","","","","","YES",""
"LD-016","القضاء الإداري — التظلم السابق والاختصاص والمدة","التنفيذ","R-ADMIN-GOV-CONTRACT","1","هل التظلم السابق واجب؟ وما المدة وبدايتها وأثر فواتها والاستثناءات لهذه الحالة تحديدًا أمام ديوان المظالم؟","نظام ديوان المظالم، ومع التنفيذ نظام التنفيذ أمام ديوان المظالم نظام ديوان المظالم","المادة 13 من نظام ديوان المظالم، ومع التنفيذ نظام التنفيذ أمام ديوان المظالم","https://laws.boe.gov.sa/BoeLaws/Laws/LawDetails/5d3379bd-3547-494e-9fbd-a9a700f26e24/1","PARTIALLY VERIFIED","CRITICAL","لا تعدّل آليًا؛ اعتمد قاعدة واحدة ثم طبّقها على جميع Results المرتبطة.","","","","","NO",""
"LD-017","التنفيذ — دعوى أم طلب أم منازعة وأثر نظام التنفيذ الجديد","التنفيذ","R-CRIM-OBJECTION-EXEC | R-DOC-PAYMENT-EXEC-GATE | R-EXEC-ACTION-TEXT-REVIEW | R-EXEC-AD-INVOICE | R-EXEC-AD-INVOICE-CURRENT | R-EXEC-AFTER34 | R-EXEC-AMEND-AMOUNT | R-EXEC-AMOUNT-CHANGE | R-EXEC-ARTICLE34 | R-EXEC-ARTICLE46 | R-EXEC-DEBTOR-DEATH | R-EXEC-DECISION-NOTICE | R-EXEC-DIRECT-ACT | R-EXEC-DIRECT-DELIVERY | R-EXEC-DIRECT-LAW | R-EXEC-DISPUTE | R-EXEC-END | R-EXEC-FIN-REPORT | R-EXEC-FIVE-DAYS | R-EXEC-GRACE | R-EXEC-INSPECT-ACTION | R-EXEC-ISSUE34 | R-EXEC-ISSUE46 | R-EXEC-LEGAL-REP | R-EXEC-LIFT46 | R-EXEC-MERITS-NOT-DISPUTE | R-EXEC-NOT-END-ACTION | R-EXEC-PARTIAL-PAYMENT | R-EXEC-PERSONAL-FINANCIAL | R-EXEC-PROOF-PAYMENT | R-EXEC-QUERY | R-EXEC-REACTIVATE | R-EXEC-SADAD-INVOICE | R-EXEC-STATUS-CHECK | R-EXEC-TRANSFER-SEIZED | R-EXEC-WAIT-GRACE | R-EXECUTION-ROUTE-CHECK | R-JUDGMENT-NO-EXEC | R-LABOR-WAGE-DIRECT-EXEC | R-MONEY-EXEC-APPLY","40","هل الإجراء الصحيح طلب داخل ملف التنفيذ أم منازعة تنفيذ أم دعوى مستقلة، وما أثر نظام التنفيذ الجديد عند نفاذه؟","نظام الإجراءات الجزائية | نظام التنفيذ | نظام التنفيذ ولائحته | نظامي","الباب التاسع من نظام الإجراءات الجزائية مخصص للأحكام الواجبة التنفيذ وإجراءاتها؛ طرق الاعتراض على الحكم نفسها منظمة في الباب السابع. | نظام الإجراءات الجزائية — المادة 206 | نظام التنفيذ — المادة 34 | نظام التنفيذ — المادة 46","https://www.moj.gov.sa/Documents/Regulations/pdf/LawOfCriminalProcedureAndItsExecutiveRegulations.pdf | https://www.moj.gov.sa/ar/eservices/pages/1c719954-3463-4754-85e1-1b319b937b86.aspx | https://laws.boe.gov.sa/BoeLaws/Laws/LawDetails/c81ba2f1-1bf1-443b-9b1c-a9a700f27110/1 | https://www.moj.gov.sa/ar/eServices/Pages/f05580e3-fadc-4227-bb2c-8500fabcf73f.aspx | https://www.moj.gov.sa/ar/eServices/Pages/7b84d5eb-82aa-4b63-b06e-be92c72158ef.aspx | https://www.moj.gov.sa/sites/knowledgebase/Documents02/CRM_CCTS_4fa4ff3f-8f52-43c9-b80c-d214d8b5f79d.pdf | https://www.moj.gov.sa/ar/eServices/Pages/8cc249d5-9f9c-464f-a772-25192e8fdf3b.aspx | https://www.moj.gov.sa/Documents/Regulations/pdf/11.pdf | https://www.moj.gov.sa/ar/eServices/Pages/152ff72e-0c8d-42b2-9f16-3f81e5cf38d2.aspx | https://www.moj.gov.sa/ar/eservices/pages/2200fd6a-d8d2-4583-a843-2d67839f5a1b.aspx | https://www.moj.gov.sa/ar/eServices/Pages/a7eef02b-d9ad-4d3f-9ad0-7b9a67399313.aspx | https://www.moj.gov.sa/sites/knowledgebase/Documents02/CRM_CCTS_16a50df1-aa16-4f77-a61f-c11f5e459fba.pdf | https://www.moj.gov.sa/sites/knowledgebase/Documents02/CRM_CCTS_1d8a2b5c-38fc-43fa-ad27-0c4a8aac7e07.pdf | https://www.moj.gov.sa/ar/eServices/pages/477600c3-653d-42c7-b6ae-ac5484952123.aspx | https://www.moj.gov.sa/ar/eServices/pages/0fabf9ed-05ba-497e-9e4e-1e227103fc00.aspx | https://www.moj.gov.sa/ar/eServices/pages/0756dde6-14de-481a-a6e6-ec9bd642b284.aspx | https://www.moj.gov.sa/ar/eServices/pages/9bd2e276-3110-4e32-a00e-330de0fec9a4.aspx | https://www.moj.gov.sa/ar/eServices/Pages/42bc9d16-70e4-43ad-bb8d-0a8e156ffb72.aspx | https://www.moj.gov.sa/ar/eServices/Pages/9bc63703-4291-4cc6-9615-ac15a3cfce36.aspx | https://www.moj.gov.sa/ar/Ministry/Pages/CaseTripInMOJ.aspx | https://www.hrsd.gov.sa/ministry-services/services/269970","STALE RISK","HIGH","لا تعدّل آليًا؛ اعتمد قاعدة واحدة ثم طبّقها على جميع Results المرتبطة.","","","","","YES",""
"LD-018","التنفيذ — دعوى أم طلب أم منازعة وأثر نظام التنفيذ الجديد","التنفيذ","R-SP-ADMIN-GRIEVANCE-PENDING | R-SP-ADMIN-GRIEVANCE-RESPONSE | R-SP-ADMIN-START | R-ADMIN-EXEC-DEADLINES | R-ADMIN-EXEC-DEMAND | R-ADMIN-EXEC-INSTRUMENT | R-ADMIN-EXEC-JUDGMENT | R-SP-ADMIN-CASE | R-SP-ADMIN-JUDGMENT","9","هل التظلم السابق واجب؟ وما المدة وبدايتها وأثر فواتها والاستثناءات لهذه الحالة تحديدًا أمام ديوان المظالم؟","نظام المرافعات أمام ديوان المظالم | نظام التنفيذ أمام ديوان المظالم","نظام التنفيذ أمام ديوان المظالم — المادتان 8 و9 واللائحة التنفيذية. | نظام التنفيذ أمام ديوان المظالم — المواد 8 و10 واللائحة التنفيذية. | المادة 4 | المواد 2–4","https://laws.boe.gov.sa/BoeLaws/Laws/LawDetails/f2f7b465-b576-4f47-a8e7-a9a700f27202/1 | https://www.bog.gov.sa/EServices/Pages/tanfeedh.aspx | https://www.bog.gov.sa/MediaCenter/Documents/ERISBTBG.pdf | https://www.bog.gov.sa/EServices/Pages/submit-judicial-requests.aspx | https://www.bog.gov.sa/EServices/Pages/moen.aspx","STALE RISK","HIGH","لا تعدّل آليًا؛ اعتمد قاعدة واحدة ثم طبّقها على جميع Results المرتبطة.","","","","","YES",""
"LD-019","التحكيم — البطلان والتنفيذ والاختصاص والمهلة","التنفيذ","R-COMM-ARBITRATION-ENFORCE | R-COMM-ARBITRATION-AWARD-EXEC | R-COMM-ARBITRATION-NULLITY-EXEC","3","هل تتحقق ولاية المحكمة التجارية وشروط الإخطار السابق ومدة عدم سماع الدعوى والحد المالي في هذه الوقائع؟","نظام التحكيم","المواد 52-55: الحجية والتنفيذ والمرفقات وشروط الأمر بالتنفيذ؛ ومحكمة التنفيذ تنفذ حكم المحكمين المذيل بأمر التنفيذ. | نظام التحكيم — المادتان 52–53 | المواد 49-55 تنظم حصرية دعوى البطلان وأسبابها ومددها وأثرها على التنفيذ؛ رفض أمر التنفيذ يجوز التظلم منه خلال 30 يومًا من صدوره. | نظام التحكيم — المادة 54","https://laws.boe.gov.sa/BoeLaws/Laws/LawDetails/5535039e-13da-43f6-8f53-a9a700f26485/1 | https://laws.boe.gov.sa/BoeLaws/Laws/LawDetails/7e95b5f8-5f24-4d6a-8f39-a9a700f16e0b/1","STALE RISK","HIGH","لا تعدّل آليًا؛ اعتمد قاعدة واحدة ثم طبّقها على جميع Results المرتبطة.","","","","","YES",""
"LD-020","الاختصاص التجاري — المادة 16 والإخطار السابق وعدم سماع الدعوى","التنفيذ","R-COMM-NEGOTIABLE-CHECK | R-COMM-NEGOTIABLE-DISPUTE","2","هل تتحقق ولاية المحكمة التجارية وشروط الإخطار السابق ومدة عدم سماع الدعوى والحد المالي في هذه الوقائع؟","نظام المحاكم التجارية","","https://laws.boe.gov.sa/Files/Download/?attId=d0d4fbe5-e571-4ecb-8b81-adbb01263651","VERIFIED","HIGH","لا تعدّل آليًا؛ اعتمد قاعدة واحدة ثم طبّقها على جميع Results المرتبطة.","","","","","NO",""
"LD-021","التكاليف القضائية — التنفيذ","التنفيذ","R-DOMESTIC-SETTLED | R-CIVIL-CONTRACTOR-TERMINATION","2","ما مقدار المدة وبدايتها ونهايتها والاستثناءات وأثر فواتها وفق النص المطبق على هذه الحالة؟","نظام المعاملات المدنية","المادتان 466 و476: لصاحب العمل عند الإخلال إعذار المقاول للتصحيح خلال مدة معقولة ثم الاستعانة بغيره/طلب الفسخ، ويجوز الفسخ حالًا في الحالات المحددة؛ ولكل متعاقد طلب الفسخ لعذر طارئ متعلق بالتنفيذ مع التعويض عن ضرر الفسخ. | المادة 476","https://www.hrsd.gov.sa/knowledge-centre/decisions-and-regulations/regulation-and-procedures/%D8%A7%D9%84%D9%82%D9%88%D8%A7%D8%B9%D8%AF-%D9%88%D8%A7%D9%84%D8%A5%D8%AC%D8%B1%D8%A7%D8%A1%D8%A7%D8%AA-%D8%A7%D9%84%D9%85%D9%86%D8%B8%D9%85%D8%A9-%D9%84%D8%AA%D8%B3%D9%88%D9%8A%D8%A9-%D8%AE%D9%84%D8%A7%D9%81%D8%A7%D8%AA-%D8%A7%D9%84%D8%B9%D9%85%D8%A7%D9%84%D8%A9 | https://laws.boe.gov.sa/BoeLaws/Laws/LawDetails/655fdb42-8c96-422b-b8c4-b04f0095c94c/1","PARTIALLY VERIFIED | VERIFIED","HIGH","لا تعدّل آليًا؛ اعتمد قاعدة واحدة ثم طبّقها على جميع Results المرتبطة.","","","","","NO",""
"LD-022","المدد النظامية — التنفيذ","التنفيذ","R-LABOR-SETTLED","1","ما مقدار المدة وبدايتها ونهايتها والاستثناءات وأثر فواتها وفق النص المطبق على هذه الحالة؟","","","https://www.hrsd.gov.sa/ministry-services/services/269970","PARTIALLY VERIFIED","HIGH","لا تعدّل آليًا؛ اعتمد قاعدة واحدة ثم طبّقها على جميع Results المرتبطة.","","","","","NO",""
"LD-023","تكاليف الأحوال الشخصية — نطاق الإعفاء في الدعوى وطلبات التنفيذ","الأحوال الشخصية","R-FAM-CUSTODY-LETTER | R-FAM-VISIT-EXEC | R-FAM-CUSTODY-EXEC | R-FAM-CUSTODY-VISIT-MODIFY-JUDGMENT | R-FAM-ABSENT-ASSETS | R-FAM-ADHL-DEEP | R-FAM-ANNUL-ABSENCE | R-FAM-ANNUL-BEFORE-CONSUMMATION | R-FAM-ANNUL-DEEP | R-FAM-ANNUL-DEFECT | R-FAM-ANNUL-DISCORD | R-FAM-ANNUL-HARM | R-FAM-ANNUL-INTERCOURSE | R-FAM-ANNUL-MAHR | R-FAM-ANNUL-MISSING | R-FAM-ANNUL-NO-MAINT | R-FAM-BREASTFEEDING-DOC | R-FAM-BREASTFEEDING-PROHIBITION | R-FAM-BREASTFEEDING-WAGE | R-FAM-CUSTODY-AGE15-18 | R-FAM-CUSTODY-DEEP | R-FAM-CUSTODY-DOC | R-FAM-CUSTODY-LEFT-HOME | R-FAM-CUSTODY-LOSS | R-FAM-CUSTODY-NO-CLAIMANT | R-FAM-CUSTODY-NO-PARENTS | R-FAM-CUSTODY-OBSTRUCTION | R-FAM-CUSTODY-ORDER | R-FAM-CUSTODY-RESTORE | R-FAM-CUSTODY-TRAVEL-NONPARENT | R-FAM-CUSTODY-TRAVEL-PARENT | R-FAM-CUSTODY-VISIT-RIGHT | R-FAM-DECISION-CUSTODY | R-FAM-DECISION-VISIT | R-FAM-DIVORCE-DISPUTE | R-FAM-DIVORCE-DOC | R-FAM-DIVORCE-DOCUMENT | R-FAM-DIVORCE-NOT-DOC | R-FAM-ENGAGEMENT-GIFTS | R-FAM-ENGAGEMENT-MAHR | R-FAM-ESTATE-AGREED | R-FAM-ESTATE-AGREED-DIVISION | R-FAM-ESTATE-ASSET-MISSING | R-FAM-ESTATE-DISPUTE | R-FAM-ESTATE-INVENTORY | R-FAM-ESTATE-JUDICIAL-DIVISION | R-FAM-ESTATE-MINOR-ABSENT | R-FAM-ESTATE-PRIORITY | R-FAM-ESTATE-RIGHTS-ORDER | R-FAM-GUARDIAN-CONTINUE | R-FAM-GUARDIAN-END | R-FAM-GUARDIAN-FEE | R-FAM-GUARDIAN-REMOVE | R-FAM-HEIRS-CERT | R-FAM-HEIRS-DIGITIZE | R-FAM-HEIRS-DISPUTE | R-FAM-HEIRS-ISSUE | R-FAM-IDDAH-DEATH | R-FAM-IDDAH-MAINT | R-FAM-IDDAH-PREGNANT | R-FAM-IDDAH-START | R-FAM-INHERITANCE-ACKNOWLEDGED-HEIR | R-FAM-INHERITANCE-ASABA | R-FAM-INHERITANCE-ASABA-DEEP | R-FAM-INHERITANCE-AWL-RADD | R-FAM-INHERITANCE-CALCULATOR | R-FAM-INHERITANCE-CORE-SHARES | R-FAM-INHERITANCE-DHAWI-ARHAM | R-FAM-INHERITANCE-DIVORCED-SPOUSE | R-FAM-INHERITANCE-ELIGIBILITY | R-FAM-INHERITANCE-HAJB | R-FAM-INHERITANCE-KILLING | R-FAM-INHERITANCE-MISSING-PERSON | R-FAM-INHERITANCE-NO-FATHER-LINEAGE | R-FAM-INHERITANCE-NO-HEIR | R-FAM-INHERITANCE-PREGNANCY | R-FAM-INHERITANCE-RELIGION | R-FAM-INHERITANCE-RENUNCIATION | R-FAM-INHERITANCE-SIMULTANEOUS-DEATH | R-FAM-INHERITANCE-SPOUSE-SHARE | R-FAM-INHERITANCE-TAKHARUJ | R-FAM-INTERDICTION-IMPOSE | R-FAM-INTERDICTION-LIFT | R-FAM-KHUL-AGREED | R-FAM-KHUL-CHILD-RIGHTS | R-FAM-KHUL-DEEP | R-FAM-KHUL-DOCUMENT | R-FAM-KHUL-MAHR | R-FAM-KHULA-DOC | R-FAM-LAWYER-MERITS | R-FAM-LINEAGE-DENY | R-FAM-LINEAGE-PROVE | R-FAM-MAHR-BEFORE | R-FAM-MAHR-DEBT | R-FAM-MAHR-DIVORCE-BEFORE | R-FAM-MAHR-EQUIVALENT | R-FAM-MAHR-RIGHTS | R-FAM-MAINT-ARREARS | R-FAM-MAINT-DEDUCTION | R-FAM-MAINT-NOT-RECEIVED | R-FAM-MARRIAGE-CONDITION-BREACH | R-FAM-MARRIAGE-CONDITION-VALIDITY | R-FAM-MARRIAGE-DEFECTIVE | R-FAM-MARRIAGE-NEW | R-FAM-MARRIAGE-NONSAUDI | R-FAM-MARRIAGE-PAPER-ATTEST | R-FAM-MARRIAGE-PERMANENT-PROHIBITION | R-FAM-MARRIAGE-PREVIOUS | R-FAM-MARRIAGE-RECONTRACT | R-FAM-MARRIAGE-TEMP-PROHIBITION | R-FAM-MARRIAGE-VALIDITY-REQ | R-FAM-MARRIAGE-VERIFY | R-FAM-MARRIAGE-VOID | R-FAM-MINOR-ASSET-PERMISSION | R-FAM-MINOR-GUARDIAN | R-FAM-MINOR-GUARDIAN-DISPUTE | R-FAM-MINOR-MAJORITY | R-FAM-MISSING-DEATH | R-FAM-MISSING-PERSON | R-FAM-MISSING-RETURN | R-FAM-MULTIPLE-TRUSTEES | R-FAM-NAFAQA-CHANGE | R-FAM-NAFAQA-CHILD | R-FAM-NAFAQA-CHILD-FATHER-ABSENT | R-FAM-NAFAQA-CHILD-FATHER-UNABLE | R-FAM-NAFAQA-DEEP | R-FAM-NAFAQA-PARENTS | R-FAM-NAFAQA-PAST-WIFE | R-FAM-NAFAQA-PRIORITY | R-FAM-NAFAQA-RELATIVE | R-FAM-NAFAQA-TEMP | R-FAM-NAFAQA-WIFE | R-FAM-PRECOURT | R-FAM-RETURN-DOC | R-FAM-RETURN-DOCUMENT | R-FAM-RETURN-NOT-KNOWN | R-FAM-SHAML | R-FAM-VISIT-DEEP | R-FAM-VISIT-LETTER | R-FAM-VISIT-OBSTRUCTION | R-FAM-WAQF-DOC | R-FAM-WILL-ACCEPT-REJECT | R-FAM-WILL-AFTER-DEBTS | R-FAM-WILL-DOC | R-FAM-WILL-LIMITS | R-FAM-WILL-MULTIPLE | R-FAM-WILL-REVOKE | R-FAM-WILL-VALIDITY | R-FAM-WILL-WAQF | R-FAMILY-DOCUMENT-CHECK","150","هل استثناء الأحوال الشخصية من التكاليف يشمل هذا الطلب التنفيذي تحديدًا، وما الاستثناءات؟","نظام الأحوال الشخصية - المادة 134 | نظام الأحوال الشخصية - الولاية والغائب والمفقود | نظام الأحوال الشخصية | نظام الأحوال الشخصية - المادة 25 | نظام الأحوال الشخصية - العدة والنفقة | نظام الأحوال الشخصية - الحضانة | نظام الأحوال الشخصية - التركة والإرث | نظام الأحوال الشخصية - ميراث المفقود والحمل والإقرار | نظام الأحوال الشخصية - الإرث | نظام المحاماة | نظام الأحوال الشخصية - النسب | نظام الأحوال الشخصية - المواد 44 إلى 50 | نظام الأحوال الشخصية - النفقة","اللائحة التنفيذية لنظام التنفيذ 76/3 تقرر أنه إذا طرأ ما يقتضي إعادة النظر في الحكم الصادر في مسائل الأحوال الشخصية فتنظر الدعوى من قبل قاضي الموضوع؛ والمادة 134 تحكم تقدير الزيارة وفق مصلحة المحضون. | المادتان 161-162: تعريف الغائب والمفقود، وجواز تعيين المحكمة وليًا لإدارة أموال الغائب أو المفقود إذا لم يكن له وكيل. | التعميم 1410/ت: ترفع دعوى العضل من المرأة أو أي صاحب مصلحة ولو بلا خاطب، وتوزع على دائرة محددة بالأحوال الشخصية، مع قواعد السرعة والخصوصية. | نظام الأحوال الشخصية يتضمن أسباب فسخ الزواج، ويجب مطابقة الغياب على المادة الخاصة به قبل تقرير المدة أو الأثر النهائي. | المادة 112: تفسخ المحكمة إذا طلبت الزوجة قبل الدخول أو الخلوة، ورفض الزوج الطلاق أو الخلع، وأعادت المهر وتعذر الإصلاح؛ وإذا كان السبب راجعًا إليها فترد المهر وما طلبته من نفقات الزواج وفق النص إذا طلب الزوج. | المواد 103-115 تنظم الفسخ وأسبابه وآثاره؛ 108 للضرر، 109-111 للشقاق، 115 للفقد/الغياب مجهول الموطن. | المادتان 104-105: حق كل من الزوجين في طلب الفسخ للعلة وشروطه، وإمكان الاستعانة بالخبرة، وآثار العلة على المهر بحسب توقيتها والدخول/الخلوة. | المواد 109-111: تعيين حكمين عند استمرار الشقاق وتعذر الإصلاح، مدة الإصلاح ≤60 يومًا من تعيينهما، وسماع الزوجين والسعي للإصلاح ثم تقرير التفريق بعوض أو بدونه؛ عوض المرأة لا يتجاوز المهر. | المادة 108: تفسخ المحكمة عقد الزواج بناء على طلب الزوجة إذا أضر بها الزوج ضررًا يتعذر معه استمرار العشرة بالمعروف، إذا ثبت وقوع الضرر. | المادة 113: الفسخ عند الحلف على عدم الجماع مدة تزيد على أربعة أشهر ما لم يرجع قبل انقضائها، أو الامتناع عن الجماع مدة تزيد على أربعة أشهر بلا عذر مشروع. | المادة 106: الفسخ قبل الدخول لعدم أداء المهر الحال بعد انتهاء أجل تحدده المحكمة لا يتجاوز 30 يومًا؛ وبعد الدخول لا يفسخ لهذا السبب ويبقى المهر دينًا. | المادة 115 تنظم فسخ الزواج بسبب فقد الزوج أو غيبته مع جهل موطنه ومحل إقامته وحد المدة من سنة إلى سنتين. | المادة 107: تفسخ المحكمة بطلب الزوجة إذا امتنع الزوج عن الإنفاق أو تعذر الاستيفاء؛ وإذا ادعى الإعسار فلها طلب الفسخ فورًا أو متراخيًا. | المادة 25: يحرم من الرضاع ما يحرم من النسب بشرط وقوعه في العامين الأولين وبلوغه خمس رضعات متيقنة متفرقة ولو تقارب وقتها. | المادة 25: يحرم من الرضاع ما يحرم من النسب إذا وقع في العامين الأولين وبلغ خمس رضعات متيقنة متفرقة. | أحكام نفقة الطفل والرضاع في نظام الأحوال الشخصية تفرق بين التزام الأم بالإرضاع في حالات محددة واستحقاق الأجرة عند انطباقها. | المادة 135: الاختيار عند 15، انتهاء الحضانة عند 18، واستمرارها للمجنون أو المعتوه أو المريض مرضًا مقعدًا وفق الترتيب النظامي. | المواد 124-135 تنظم الحضانة وشروط الحاضن وترتيبها وسقوطها والسفر والزيارة واختيار المحضون عند 15 وانتهاء الحضانة عند 18 مع الاستثناءات. | المادة 133: ترك الأم بيت الزوجية لخلاف أو غيره لا يسقط حقها في الحضانة لأجل ذلك ما لم تقتض مصلحة المحضون خلاف ذلك؛ مع مراعاة المواد 125-128. | المادة 128: سقوط الحضانة عند تخلف شروط 125/126، أو الانتقال بقصد الإقامة بما يفوت مصلحة المحضون، أو السكوت أكثر من سنة دون عذر مع استثناء مصلحة المحضون. | المادة 131 تحدد الإلزام بالحضانة عند عدم مطالبة المستحقين بحسب كون سن المحضون لا يتجاوز سنتين أو تجاوزهما. | المادة 132: عند عدم وجود الوالدين وعدم قبول مستحق للحضانة تختار المحكمة صالحًا من الأقارب أو غيرهم أو جهة مؤهلة. | المادة 127: بعد الافتراق الحضانة للأم ثم الأب ثم أم الأم ثم أم الأب ثم ما تقرره المحكمة، وللمحكمة مخالفة الترتيب بناء على مصلحة المحضون. | المادة 130: يجوز لمن سقط حقه في الحضانة أن يتقدم إلى المحكمة بطلبها مجددًا إذا زال سبب سقوطها عنه. | المادة 129/2: غير الوالدين لا يسافر بالمحضون خارج المملكة أكثر من 30 يومًا في السنة إلا بموافقة الوالدين أو أحدهما عند وفاة الآخر والولي على النفس عند وفاتهما. | المادة 129/1: لا يجوز للحاضن إذا كان أحد الوالدين السفر بالمحضون خارج المملكة مدة تزيد على 90 يومًا في السنة إلا بموافقة الوالد الآخر، والولي على النفس في حال وفاة الوالد. | المادة 134: للوالد الآخر زيارة المحضون واستزارته واستصحابه حسب الاتفاق، وعند الاختلاف تقرر المحكمة؛ وللمحكمة تعيين مستحق زيارة من الأقارب في حالات الوفاة/الغياب أو حضانة غير الوالدين. | المواد 77-94: وقوع الطلاق وصوره وحالات عدم وقوعه، أنواع الطلاق والمراجعة، المادة 90 للتوثيق خلال 15 يومًا، والمادة 93 لا تقبل قول الزوجة في دعوى الطلاق والمراجعة إلا ببينة. | المواد 1-4: لكل طرف العدول؛ الأصل أن المقدم هدية ما لم يصرح بأنه مهر أو يجري العرف؛ والاسترداد يختلف بحسب سبب العدول، ولا استرداد عند الوفاة أو سبب لا يد للطرفين فيه. | المادة 5 تنظم رجوع الخاطب أو ورثته في المهر قبل العقد، وخيار المخطوبة في حالة شراء أشياء لمصلحة الزواج وفق شروط النص. | وزارة العدل: القسمة الاتفاقية توزع أموال وأصول المورث وفق الأنصبة الشرعية والأنظمة واللوائح؛ وحصر التركة يشترط حصر ورثة موثقًا وأن يكون مقدم الطلب أحد الورثة. | اختصاص الأحوال الشخصية يشمل الإرث وقسمة التركة، لكن النزاع في ملكية أصل قد يستلزم حسم الملكية وفق نوع الأصل والخصوم قبل إدخاله في صافي التركة. | وزارة العدل تقرر اختصاص محاكم الأحوال الشخصية بالإرث وقسمة التركة بما فيها العقار عند النزاع أو وجود وقف/وصية/قاصر/غائب؛ صحيفة الدعوى هي مسار رفع الدعوى. | وزارة العدل تنص على اختصاص محاكم الأحوال الشخصية بقسمة التركة بما فيها العقار إذا كان فيها نزاع أو حصة وقف/وصية أو قاصر أو غائب. | المادة 197 تعرف التركة، والمادة 198 ترتب الحقوق: التجهيز، الديون، الوصية، ثم قسمة الباقي. | المادتان 197-198 تعرفان التركة وترتب الحقوق المتعلقة بها. | المواد 137-141 تبين الولي/الوصي وأنواع الولاية وشروط الولي وموانع التعيين المرتبطة بمصلحة القاصر. | المادتان 157-159: حالات انتهاء الولاية/الوصاية، استمرارها عند بلوغ ناقص الأهلية/غير المأمون على ماله بطلب للمحكمة، وتسليم الأموال خلال 30 يومًا من انتهاء المهمة. | أحكام الولاية والوصاية في نظام الأحوال الشخصية هي المرجع؛ لا يثبت أجر أو مقدار غير منصوص عليه دون قرار المحكمة. | المادتان 140-141 تشترطان كمال الأهلية والأمانة والقدرة، وتمنعان تعيين من تكون في ولايته مظنة ضرر بمصلحة القاصر، ومنها حالات الإدانة المخلة بالشرف والأمانة أو العزل السابق للإضرار أو التفريط. | وزارة العدل تصف الوثيقة بأنها تشتمل على بيانات المورث والورثة وأنصبتهم، وتحدد خطوات وشروط الإصدار الحالية. | المواد 117 و119-120: عدة الوفاة واجبة ولو قبل الدخول؛ غير الحامل أربعة أشهر وعشرة أيام، والحامل وضع حملها وفق شرط المادة 120. | المادتان 53-54: نفقة المعتدة من طلاق رجعي حتى انتهاء العدة؛ البائن فقط إذا كانت حاملًا حتى الوضع؛ معتدة الوفاة لا نفقة لها إلا الحامل فتكون في مال الحمل، فإن لم يكن له مال فعلى وارث الحمل، ولها السكنى في بيت الزوجية مدة العدة. | المادة 120: عدة الحامل المفارقة بالوفاة وغيرها هي وضع حملها متى جاوز الحمل 80 يومًا. | المواد 116-118: تعريف العدة ووجوبها وبدايتها، مع قاعدة عدم الزواج حتى انتهاء العدة أو اكتساب الحكم الصفة النهائية أيهما أبعد في الحالات القضائية المذكورة. | المادة 241 تنظم إقرار بعض الورثة بمشارك في الإرث أو حاجب، وتفرق بين قيام البينة وعدمها في أثر الإقرار. | المواد 223-229: أنواع العصبة، ترتيب العصبة بالنفس، العصبة بالغير ومع الغير، أولوية الجهة والدرجة والقوة، واستحقاق الباقي أو السقوط عند استغراق الفروض. | المواد 227-229: العاصب بالنفس يأخذ الكل عند الانفراد أو الباقي بعد الفروض، والترتيب بالجهة ثم الدرجة ثم قوة القرابة. | المادة 230 للعول؛ المادة 231 للرد، بما فيها رد الباقي على غير الزوجين من أصحاب الفروض، ثم حالة الزوج/الزوجة إذا لم يوجد غيرهم من الفروض أو العصبات أو ذوي الأرحام. | خدمة حساب المواريث تعرض نصيب كل وارث ونسبته والمحجوبين؛ وحصر التركة يوثق أصول المورث. | المواد 199 و204 و207-220 تحدد شروط الإرث وأنواعه وأصحاب الفروض ونسب الزوجين والأبوين والبنات والإخوة بحسب شروط كل حالة. | المواد 232-237: تعريف ذوي الأرحام وجهاتهم، حالات إرثهم، التنزيل، الأقرب عند اتحاد الجهة، وحكم عدم وجود وارث. | المادة 201: الفرقة تمنع التوارث إلا الطلاق الرجعي ما دامت المرأة في العدة، أو طلاق مرض الموت دون طلبها ما لم تتزوج قبل وفاته. | المادة 199 من نظام الأحوال الشخصية | باب الإرث يحدد الفروض والتعصيب والحجب؛ المواد 227-229 تبين أثر العصبة والباقي والسقوط عند استغراق الفروض. | المادة 200 من نظام الأحوال الشخصية | المادة 238 تحفظ للمفقود نصيبه على تقدير حياته؛ فإن ظهر أخذه، وإن حكم بموته قبل مورثه رد لمن يستحق وقت الحكم. | المادة 242: يرث من لم ينسب لأبيه وعلمت أمه ومنفي النسب من أمه وقرابتها، وترثه أمه وقرابتها. | المادة 237: إذا لم يوجد وارث بفرض ولا تعصيب ولا رحم تأخذ التركة أو الباقي حكم الأموال التي جهل مالكها. | المادة 240: يحفظ للحمل أوفر النصيبين لذكر أو أنثى أو أكثر بناء على تقرير طبي معتمد يحدد عدد الأجنة، ويعطى باقي الورثة أقل النصيبين ثم يعاد التوزيع بعد الوضع بحسب الحالة. | المادة 202 من نظام الأحوال الشخصية | المادة 203 من نظام الأحوال الشخصية | المادتان 209-210: الزوج النصف عند عدم الفرع الوارث والربع عند وجوده؛ الزوجة الربع عند عدم الفرع الوارث والثمن عند وجوده، والزوجات يشتركن في فرض الزوجة الواحدة. | المواد 243-245 تعرف التخارج، توجب توثيقه، وتنظم جهالة التركة وتوزيع نصيب المتخارج بحسب مصدر العوض. | وزارة العدل تثبت اختصاص الأحوال الشخصية بالحجر؛ واللائحة 33/9 تحدد المحكمة المختصة مكانيًا، و33/10 تقرر أن تقرير القاصر عقليًا لا يلزم إرفاقه عند التقديم وعلى الدائرة طلبه قبل إقامة الولي. | وزارة العدل تثبت اختصاص محاكم الأحوال الشخصية برفع الحجر، وشرح النظام الرسمي يقرر أن رفع الحجر يعيد أهلية التصرف وتنتهي به الولاية/الوصاية في الحالة المنطبقة. | المواد 95-102 من نظام الأحوال الشخصية | المادة 100 من نظام الأحوال الشخصية | المواد 95-102: تعريف الخلع، صحته بالتراضي دون حكم، أثره كفسخ وفرقة بائنة صغرى، العوض، منع إسقاط حقوق الأولاد/الحضانة كعوض، وحكم المهر ووجوب التوثيق. | المادة 101 من نظام الأحوال الشخصية | المادة 26 من نظام المحاماة: الأتعاب وطريقة دفعها باتفاق المحامي وموكله، وعند عدم الاتفاق أو اختلافهما أو بطلانه تقدرها المحكمة التي نظرت القضية بما يتناسب مع الجهد والنفع. مطالبة الخصم بمصاريف التقاضي ليست تلقائيًا مساوية لعقد الموكل مع محاميه. | المواد 72-75: إذا ثبت النسب وفق المادة 67 فلا تسمع دعوى نفيه؛ والاستثناء في حالة الولادة في عقد الزواج يكون باللعان بشروط المادة 73، وإجراءات DNA واللعان وآثاره في 74-75. | المواد 67-71: طرق إثبات النسب، قاعدة الولادة أثناء العقد أو بعد انتهائه قبل أكثر الحمل، شروط الإقرار، وضوابط أمر المحكمة بفحص الحمض النووي. | المادتان 27-28: لا يثبت خيار الفسخ للشرط إلا إذا نص عليه كتابة في وثيقة العقد أو أقر به الزوجان؛ وعدم الوفاء يجيز الفسخ، والعوض يختلف بحسب الطرف غير الموفي. | المواد 27-29 تنظم الشروط في عقد الزواج، خيار الفسخ عند عدم الوفاء، وحالات بطلان الشرط وأثره على العقد. | نظام الأحوال الشخصية يفرق بين الزواج الفاسد والباطل والصحيح، ويرتب آثارًا محددة، والمادة 35 تجيز إبرام عقد جديد صحيح دون حكم فسخ سابق. | المواد 20-25 تنظم المحرمات على التأبيد بالنسب والمصاهرة والرضاع واللعان، مع شروط الرضاع بالمادة 25. | المادة 35 تجيز للزوجين إبرام عقد زواج جديد مستوفٍ الأركان والشروط دون الحاجة إلى حكم قضائي بفسخ العقد السابق الفاسد أو الباطل، مع مراعاة إجراءات التوثيق. | المادة 26 تسرد حالات التحريم المؤقت، ومنها المعتدة، والبائن بينونة كبرى وفق شروطها، والجمع المحظور، والإحرام، وبعض حالات اختلاف الدين. | المواد 8 وما بعدها من نظام الأحوال الشخصية تنظم أركان عقد الزواج وشروطه والولاية والشهادة والموانع؛ وتطبق إجراءات التوثيق الرسمية. | النظام يميز الزواج الصحيح والفاسد والباطل ويرتب آثارًا مختلفة، ويجيز عقدًا جديدًا صحيحًا دون اشتراط حكم فسخ سابق للعقد الفاسد/الباطل وفق المادة 35. | وزارة العدل تنص صراحة على اختصاص محاكم الأحوال الشخصية بالإذن للأولياء والأوصياء في التصرفات التي تستوجب إذن المحكمة. | المواد 136-140: تعريف القاصر، الولي هو الأب أو من تعينه المحكمة، تقسيم الولاية إلى النفس والمال، وترتيب ولاية المال للأب ثم وصي الأب ثم من تعينه المحكمة وشروط الولي. | لائحة المرافعات 33/12 تجيز لمحكمة الأحوال الشخصية عزل الولي/الوصي عند ظهور موجب، ووزارة العدل تثبت اختصاصها بالعزل. | اللائحة 33/11 تجيز للولي والوصي التقدم بطلب إثبات الرشد في أي محكمة أحوال شخصية، ومتى ثبت يتم التهميش على الصك. | المواد 163 وما بعدها تنظم مدد وإجراءات الحكم بوفاة المفقود؛ والمادة 167 تجعل تاريخ صدور الحكم تاريخ الوفاة ما لم يثبت التاريخ الحقيقي لاحقًا. | المادتان 161-162 تعرفان المفقود وتجيزان تعيين ولي على أمواله عند عدم وجود وكيل؛ والمواد التالية تنظم الحكم بالوفاة. | المادة 168: يرجع المفقود بالموجود عينًا من ماله على الورثة؛ وتعود زوجته إلى عصمته ما لم تتزوج زوجًا آخر ويدخل بها. | أحكام الولاية والوصاية في نظام الأحوال الشخصية هي المرجع؛ ويجب الرجوع إلى نص التعيين وحكم المحكمة عند تعدد الأوصياء بدل افتراض صلاحية منفردة. | المادة 48 من نظام الأحوال الشخصية. | المادتان 46 و49 من نظام الأحوال الشخصية. | المادتان 58-59: نفقة الولد على الأب إذا لا مال له وكان الأب موسرًا أو قادرًا على التكسب؛ وعند عدم إنفاق الأب الموسر أو غيابه تطبق آلية المادة 59 والرجوع بنية الرجوع وبحد سنة سابقة للدعوى. | المادتان 49 و60: النفقة المستمرة للأولاد من تاريخ إقامة الدعوى، وعند وفاة الأب أو فقده أو إعساره تجب نفقة الولد على من يرثه من أقاربه الموسرين بحسب أنصبتهم. | المواد 44 إلى 49 من نظام الأحوال الشخصية بحسب الحالة. | المواد 49 و62-63: نفقة الوالدين غير الموسرين على الأولاد الموسرين بقدر إرثهم؛ ولرجوع من أنفق على إخوته يلزم نية الرجوع ولا تسمع المطالبة عما زاد على 180 يومًا سابقًا للدعوى. | المادة 65: عند تعدد المستحقين وعدم استطاعة الملزم الإنفاق عليهم جميعًا تقدم الزوجة ثم الأولاد ثم الوالدان ثم الأقارب الأقرب فالأقرب. | المادتان 64 و66: نفقة القريب غير القادر على التكسب على وارثيه الموسرين بحسب أنصبتهم، مع حكم سقوط نفقة القريب وحد 180 يومًا لدعوى الرجوع. | المادتان 44 و49 من نظام الأحوال الشخصية. | المادة 134: للوالد الآخر الزيارة والاستزارة والاستصحاب باتفاقهما، وعند الاختلاف تقدر المحكمة ما تراه؛ وللمحكمة تعيين مستحق زيارة من الأقارب عند وفاة/غياب أحد الوالدين أو وجود المحضون لدى غير والديه. | المواد 82-84 من نظام الأحوال الشخصية | المادتان 171 و198 من نظام الأحوال الشخصية | المواد 79 و90 و91 من نظام الأحوال الشخصية | المواد 190-195 تضبط مقدار الوصية وكيفية احتسابها؛ وترتيب التركة بالمادة 198. | المادة 196/1: رجوع الموصي عن وصيته قولًا أو فعلًا يبطلها. | المواد 179 و183 و190-191: وصية الوارث، القبول/الإعذار، حد الثلث والاستثناءات.","https://www.moj.gov.sa/sites/knowledgebase/Documents02/CRM_CCTS_2c37a563-df95-416b-b229-e2d037a3e575.pdf | https://www.moj.gov.sa/sites/knowledgebase/Documents02/CRM_CCTS_a4dccf2e-bd5c-4bcc-8320-9add6037e783.pdf | https://www.moj.gov.sa/ar/eservices/pages/739b4d6e-c736-4d27-ba3e-a6d17dd561aa.aspx | https://laws-gateway.moj.gov.sa/apis/legislations/v1/ExportDocument/pdf?Serial=4DC3ARZ00YqnoqpraZMxCQ | https://laws.boe.gov.sa/BoeLaws/Laws/LawDetails/4d72d829-947b-45d5-b9b5-ae5800d6bac2/1 | https://laws.boe.gov.sa/Files/Download/?attId=e1b4e2e3-46b5-4659-a8f1-b11600da934a | https://www.moj.gov.sa/ar/Ministry/Pages/SLA.aspx | https://www.moj.gov.sa/sites/knowledgebase/Documents02/CRM_CCTS_c5ab2283-5d8f-4b19-8dfc-25784000f01a.pdf | https://www.moj.gov.sa/ar/Pages/default.aspx | https://www.moj.gov.sa/ar/eServices/Pages/0205e7ab-9006-4cc5-9c42-cc279e08a831.aspx | https://www.moj.gov.sa/ar/eServices/Pages/17b08d90-809c-45cf-bd41-9eb8d15fabcb.aspx | https://www.moj.gov.sa/ar/eServices/Pages/f49aa181-459d-4d5f-b48c-64d092b919e6.aspx | https://www.moj.gov.sa/ar/eServices/pages/2841c3bc-6aea-4ef7-9c70-934c28952fd8.aspx | https://www.moj.gov.sa/Documents/Sharing/ElectronicJudicialServices2.pdf | https://inhaatportal.moj.gov.sa/tabsnew.aspx | https://www.moj.gov.sa/ar/eServices/Pages/f67eca8c-bdfc-419e-8815-8b28a1c1d464.aspx | https://www.moj.gov.sa/sites/knowledgebase/Documents02/CRM_CCTS_919838cc-7a15-45a8-967c-c144f1225f42.pdf | https://adlm.moj.gov.sa/alqadaeya/attach/896.pdf | https://moj.gov.sa/ar/eServices/Pages/928b8f02-19a7-482b-ba0e-29a151d9a900.aspx | https://www.moj.gov.sa/ar/eServices/pages/0756dde6-14de-481a-a6e6-ec9bd642b284.aspx | https://www.moj.gov.sa/ar/eservices/pages/1c719954-3463-4754-85e1-1b319b937b86.aspx | https://www.moj.gov.sa/sites/knowledgebase/Documents02/CRM_CCTS_1b22fe32-4e30-4fd8-a2f9-1ffefdbfcedc.pdf | https://www.moj.gov.sa/sites/knowledgebase/Documents02/CRM_CCTS_bf9d7039-0ff7-452f-abdb-3dd87a05dd82.pdf | https://www.moj.gov.sa/ar/eservices/pages/8f097103-691f-438f-9a20-d492b564965e.aspx | https://moj.gov.sa/ar/Ministry/WeCare/Pages/ChildAndFamilyRights.aspx | https://www.moj.gov.sa/ar/eServices/pages/d5e26711-4105-4ad9-8cd8-bc6d66242591.aspx","STALE RISK | VERIFIED | PARTIALLY VERIFIED","CRITICAL","لا تعدّل آليًا؛ اعتمد قاعدة واحدة ثم طبّقها على جميع Results المرتبطة.","","","","","YES",""
"LD-024","اعتماد الصياغة والمصدر — الأحوال الشخصية","الأحوال الشخصية","R-PASSPORT-VISIT-DEPART | R-PASSPORT-VISIT-EXTEND","2","هل يدعم المصدر الرسمي جميع الادعاءات العملية في النتيجة، أم يلزم تقييدها أو تقسيمها؟","","","https://www.absher.sa/wps/wcm/connect/individuals/contents/individuals/eServices%2BUser%2BGuide/eServices/Passport-Services/","HUMAN DECISION","CRITICAL","لا تعدّل آليًا؛ اعتمد قاعدة واحدة ثم طبّقها على جميع Results المرتبطة.","","","","","NO",""
"LD-025","تكاليف الأحوال الشخصية — نطاق الإعفاء في الدعوى وطلبات التنفيذ","الأحوال الشخصية","R-CIVIL-FAMILY-RECORD","1","ما مقدار المدة وبدايتها ونهايتها والاستثناءات وأثر فواتها وفق النص المطبق على هذه الحالة؟","","","https://www.absher.sa/wps/wcm/connect/individuals/contents/individuals+AR/eServices+User+Guide/eServices/Civil-Affairs-Services/","HUMAN DECISION","CRITICAL","لا تعدّل آليًا؛ اعتمد قاعدة واحدة ثم طبّقها على جميع Results المرتبطة.","","","","","NO",""
"LD-026","التنفيذ — دعوى أم طلب أم منازعة وأثر نظام التنفيذ الجديد","الأحوال الشخصية","R-EXEC-ADD-HEIR | R-EXEC-CUSTODY-VISIT","2","هل الإجراء الصحيح طلب داخل ملف التنفيذ أم منازعة تنفيذ أم دعوى مستقلة، وما أثر نظام التنفيذ الجديد عند نفاذه؟","","","https://www.moj.gov.sa/ar/eservices/pages/d3061fe4-6bad-4bc1-b38d-63217c7a76b3.aspx | https://www.moj.gov.sa/sites/knowledgebase/Documents02/CRM_CCTS_a4dccf2e-bd5c-4bcc-8320-9add6037e783.pdf","STALE RISK","HIGH","لا تعدّل آليًا؛ اعتمد قاعدة واحدة ثم طبّقها على جميع Results المرتبطة.","","","","","YES",""
"LD-027","الاختصاص التجاري — المادة 16 والإخطار السابق وعدم سماع الدعوى","التجاري والشركات","R-COMM-JURISDICTION-DEEP | R-COMM-PARTNERS-DISPUTE | R-COMM-COURT | R-COMM-ARTICLE16 | R-COMM-BANKRUPTCY | R-COMM-FRANCHISE-DISPUTE | R-COMM-FRANCHISE-MANAGE | R-COMM-FRANCHISE-REGISTER | R-COMM-FRAUD-GATE | R-COMM-LAWYER-MERITS | R-COMM-RELATION-GATE","11","هل تتحقق ولاية المحكمة التجارية وشروط الإخطار السابق ومدة عدم سماع الدعوى والحد المالي في هذه الوقائع؟","نظام المحاكم التجارية ولائحته التنفيذية | نظام المحاكم التجارية | نظام مكافحة الاحتيال المالي وخيانة الأمانة","المادة 16 من نظام المحاكم التجارية هي أساس الاختصاص النوعي وتعدد فئات المنازعات التي تنظرها المحكمة. | المادة 16 تنظم اختصاص المحكمة التجارية، واللائحة التنفيذية تنظم تفاصيل تطبيق النظام وإجراءاته. | نظام المحاكم التجارية — المادة 16 | نظام الامتياز يسري على اتفاقيات الامتياز المنفذة داخل المملكة ويستثني ترتيبات محددة، والاتفاقية يجب أن تتضمن آلية تسوية النزاعات. | رسوم تعديل القيد 100 ريال وفق صفحة الخدمة؛ الإلغاء بحسب ما تعرضه الخدمة. | وزارة التجارة توجب قيد كل اتفاقية ووثيقة الإفصاح خلال 90 يومًا، ورسوم القيد 500 ريال والخدمة فورية. | اللائحة التنفيذية تضمنت حصرية الترافع من محام في أنواع من الدعاوى، وصفحة وزارة العدل لخدمة مذكرة الدفاع الأولى توضح شروطها وقنواتها وأنها بلا رسوم.","https://www.moj.gov.sa/Documents/Regulations/pdf/87.pdf | https://laws.boe.gov.sa/Files/Download/?attId=d0d4fbe5-e571-4ecb-8b81-adbb01263651 | https://bankruptcy.gov.sa/ar/KnowledgeCenter/Publications/Documents/B5.pdf | https://mc.gov.sa/ar/eservices/pages/ServiceDetails.aspx?sID=24 | https://laws.boe.gov.sa/BoeLaws/Laws/LawDetails/905e11b3-4d66-496c-9c1b-ad240106367f/1","VERIFIED | PARTIALLY VERIFIED","HIGH","لا تعدّل آليًا؛ اعتمد قاعدة واحدة ثم طبّقها على جميع Results المرتبطة.","","","","","NO",""
"LD-028","التحكيم — البطلان والتنفيذ والاختصاص والمهلة","التجاري والشركات","R-COMM-ARBITRATION-ANNUL | R-COMM-ARBITRATION-ACTIVE | R-COMM-ARBITRATION-CLAUSE | R-COMM-ARBITRATION-WRITTEN","4","هل تتحقق ولاية المحكمة التجارية وشروط الإخطار السابق ومدة عدم سماع الدعوى والحد المالي في هذه الوقائع؟","نظام التحكيم","نظام التحكيم يشترط كتابة اتفاق التحكيم، ويحدد صور الاتفاق المكتوب وآثاره. | نظام التحكيم — المادة 9","https://laws.boe.gov.sa/BoeLaws/Laws/LawDetails/7e95b5f8-5f24-4d6a-8f39-a9a700f16e0b/1 | https://laws.boe.gov.sa/BoeLaws/Laws/LawDetails/5535039e-13da-43f6-8f53-a9a700f26485/1","VERIFIED","HIGH","لا تعدّل آليًا؛ اعتمد قاعدة واحدة ثم طبّقها على جميع Results المرتبطة.","","","","","NO",""
"LD-029","التحكيم — البطلان والتنفيذ والاختصاص والمهلة","التجاري والشركات","R-REAL-CONTRACT-ARBITRATION","1","هل الإجراء دعوى بطلان أم تنفيذ/رفض تنفيذ، وما المحكمة والمهلة وبدايتها في هذه الحالة؟","نظام التحكيم","","https://laws.boe.gov.sa/BoeLaws/Laws/LawDetails/5535039e-13da-43f6-8f53-a9a700f26485/1","VERIFIED","HIGH","لا تعدّل آليًا؛ اعتمد قاعدة واحدة ثم طبّقها على جميع Results المرتبطة.","","","","","NO",""
"LD-030","المدد النظامية — نظام العمل المحدث","العمالي","R-LABOR-ABSENCE-PRIVATE | R-LABOR-LEAVE | R-LABOR-NONCOMPETE | R-LABOR-TERMINATION","4","ما مقدار المدة وبدايتها ونهايتها والاستثناءات وأثر فواتها وفق النص المطبق على هذه الحالة؟","نظام العمل المحدث","المادة 80 تحصر حالات الفسخ دون مكافأة/إشعار/تعويض وتشترط إتاحة الفرصة للعامل لإبداء أسباب معارضته. | باب الإجازات في نظام العمل هو المرجع، ويجب تطبيق المادة الخاصة بنوع الإجازة بدل تعميم حكم واحد. | المادة 83 تنظم شرط عدم المنافسة وتوجب الكتابة والتحديد وتضع حدًا أقصى سنتين، وتربط دعوى صاحب العمل باكتشاف المخالفة وفق النص. | المواد 74-81 تنظّم انتهاء العقد والإشعار والتعويض والفصل دون مكافأة وترك العامل العمل دون إشعار مع حقوقه في الحالات المحددة.","https://www.hrsd.gov.sa/علاقات-العمل","VERIFIED","HIGH","لا تعدّل آليًا؛ اعتمد قاعدة واحدة ثم طبّقها على جميع Results المرتبطة.","","","","","NO",""
"LD-031","المدد النظامية — نظام العمل - علاقات العمل","العمالي","R-LABOR-EOS | R-LABOR-FINAL-SETTLEMENT | R-LABOR-OVERTIME | R-LABOR-RESIGN-EOS","4","ما مقدار المدة وبدايتها ونهايتها والاستثناءات وأثر فواتها وفق النص المطبق على هذه الحالة؟","نظام العمل - علاقات العمل","المادة 84 تحدد الحساب؛ المواد 85-87 تعدل الاستحقاق في الاستقالة وبعض الحالات؛ المادة 88 تحدد تصفية الحقوق. | المادة 88 تحدد ميعاد تصفية الحقوق وتجيز حسم الدين المستحق لصاحب العمل بسبب العمل من مستحقات العامل. | المادة 107 بعد تعديلها: أجر الساعة +50% من الأجر الأساسي، ويجوز إجازة تعويضية بموافقة العامل؛ اللائحة تنظمها. | 84 أساس الحساب؛ 85: ثلث بعد سنتين إلى خمس، ثلثان بعد أكثر من خمس وأقل من عشر، كاملة من عشر سنوات؛ 87 استثناءات للمكافأة الكاملة.","https://www.hrsd.gov.sa/علاقات-العمل","VERIFIED","HIGH","لا تعدّل آليًا؛ اعتمد قاعدة واحدة ثم طبّقها على جميع Results المرتبطة.","","","","","NO",""
"LD-032","المدد النظامية — العمالي","العمالي","R-LABOR-LAWYER-MERITS | R-LABOR-STAGE-CHECK | R-LABOR-START-SETTLEMENT | R-LABOR-WAIT-SETTLEMENT","4","ما مقدار المدة وبدايتها ونهايتها والاستثناءات وأثر فواتها وفق النص المطبق على هذه الحالة؟","","","https://www.hrsd.gov.sa/ministry-services/services/269970","PARTIALLY VERIFIED","HIGH","لا تعدّل آليًا؛ اعتمد قاعدة واحدة ثم طبّقها على جميع Results المرتبطة.","","","","","NO",""
"LD-033","الاختصاص والجهة — العمالي","العمالي","R-DOMESTIC-AFTER-FAIL | R-DOMESTIC-WAGE | R-DOMESTIC-WAIT","3","هل الجهة والمحكمة ونوع الإجراء المحددة صحيحة لكل صور الحالة والاستثناءات المحتملة؟","","","https://www.hrsd.gov.sa/knowledge-centre/decisions-and-regulations/regulation-and-procedures/%D8%A7%D9%84%D9%82%D9%88%D8%A7%D8%B9%D8%AF-%D9%88%D8%A7%D9%84%D8%A5%D8%AC%D8%B1%D8%A7%D8%A1%D8%A7%D8%AA-%D8%A7%D9%84%D9%85%D9%86%D8%B8%D9%85%D8%A9-%D9%84%D8%AA%D8%B3%D9%88%D9%8A%D8%A9-%D8%AE%D9%84%D8%A7%D9%81%D8%A7%D8%AA-%D8%A7%D9%84%D8%B9%D9%85%D8%A7%D9%84%D8%A9","PARTIALLY VERIFIED","HIGH","لا تعدّل آليًا؛ اعتمد قاعدة واحدة ثم طبّقها على جميع Results المرتبطة.","","","","","NO",""
"LD-034","المدد النظامية — نظام العمل","العمالي","R-LABOR-DURING-LITIGATION | R-LABOR-TIME-BAR | R-LABOR-WAGE-DELAY","3","ما مقدار المدة وبدايتها ونهايتها والاستثناءات وأثر فواتها وفق النص المطبق على هذه الحالة؟","نظام العمل","صفحة التسوية الودية تحدد خطوات القبول والجلسات والصلح وتعذر الصلح والإحالة للمحكمة العمالية. | نظام العمل — المادة 235 | المادة 234 من نظام العمل تقرر مدة الاثني عشر شهرًا والاستثناءين المذكورين. | نظام العمل — المادة 234 | وزارة الموارد البشرية تؤكد الالتزام بمواعيد استحقاق الأجر ودفعه عبر البنوك المعتمدة؛ والتسوية الودية هي المرحلة الأولى للنزاع. | نظام العمل — المواد 90–94","https://www.hrsd.gov.sa/علاقات-العمل","VERIFIED","HIGH","لا تعدّل آليًا؛ اعتمد قاعدة واحدة ثم طبّقها على جميع Results المرتبطة.","","","","","NO",""
"LD-035","التكاليف القضائية — العمالي","العمالي","R-LABOR-READ-REASON | R-LABOR-FILE-COURT","2","ما مقدار المدة وبدايتها ونهايتها والاستثناءات وأثر فواتها وفق النص المطبق على هذه الحالة؟","","","https://www.hrsd.gov.sa/ministry-services/services/269970","PARTIALLY VERIFIED","HIGH","لا تعدّل آليًا؛ اعتمد قاعدة واحدة ثم طبّقها على جميع Results المرتبطة.","","","","","NO",""
"LD-036","طرق الاعتراض والمدد — نظام العمل - علاقات العمل","العمالي","R-LABOR-DEDUCTION","1","ما مقدار المدة وبدايتها ونهايتها والاستثناءات وأثر فواتها وفق النص المطبق على هذه الحالة؟","نظام العمل - علاقات العمل","وزارة الموارد البشرية توضح أنه لا يجوز أن تزيد المبالغ المحسومة على نصف أجر العامل المستحق إلا إذا ثبت للجهة المختصة إمكان الزيادة.","https://www.hrsd.gov.sa/علاقات-العمل","VERIFIED","HIGH","لا تعدّل آليًا؛ اعتمد قاعدة واحدة ثم طبّقها على جميع Results المرتبطة.","","","","","NO",""
"LD-037","القضاء الإداري — التظلم السابق والاختصاص والمدة","الإداري وديوان المظالم","R-ADMIN-COMPENSATION | R-ADMIN-SERVICE-RIGHTS | R-SP-ADMIN-TIMING-REVIEW | R-SP-CMA-ADMIN-FOLLOWUP | R-SP-CMA-ADMIN-GRIEVANCE | R-ADMIN-APPEAL-DEADLINE | R-ADMIN-CANCEL-DECISION | R-ADMIN-DISCIPLINARY | R-ADMIN-FILE-CLAIM | R-ADMIN-EVIDENCE","10","هل التظلم السابق واجب؟ وما المدة وبدايتها وأثر فواتها والاستثناءات لهذه الحالة تحديدًا أمام ديوان المظالم؟","نظام ديوان المظالم والمادة 8 من نظام المرافعات أمام ديوان المظالم بحسب منشأ الدعوى نظام ديوان المظالم | نظام ديوان المظالم والمادة 8 من نظام المرافعات أمام ديوان المظالم نظام ديوان المظالم | نظام المرافعات أمام ديوان المظالم | نظام ديوان المظالم | نظام ديوان المظالم والمادة 7 من نظام المرافعات أمام ديوان المظالم نظام المرافعات أمام ديوان المظالم | نظام المرافعات أمام ديوان المظالم نظام المرافعات أمام ديوان المظالم","المادة 13 من نظام ديوان المظالم والمادة 8 من نظام المرافعات أمام ديوان المظالم بحسب منشأ الدعوى | المادة 13(أ) من نظام ديوان المظالم والمادة 8 من نظام المرافعات أمام ديوان المظالم | نظام المرافعات أمام ديوان المظالم — المادة 33 | نظام ديوان المظالم — المادة 13(ب)؛ نظام المرافعات أمام ديوان المظالم — المواد 8 و9 | المادة 13(هـ) من نظام ديوان المظالم والمادة 7 من نظام المرافعات أمام ديوان المظالم | المادة 5 | المادة 60 من نظام المرافعات أمام ديوان المظالم","https://laws.boe.gov.sa/BoeLaws/Laws/LawDetails/5d3379bd-3547-494e-9fbd-a9a700f26e24/1 | https://laws.boe.gov.sa/BoeLaws/Laws/LawDetails/f2f7b465-b576-4f47-a8e7-a9a700f27202/1 | https://crsd.org.sa/ar/Guidelines/Documents/%D8%A7%D9%84%D8%AF%D9%84%D9%8A%D9%84%20%D8%A7%D9%84%D8%A5%D8%B1%D8%B4%D8%A7%D8%AF%D9%8A.pdf | https://www.bog.gov.sa/ScientificContent/JudicialSystems/Regulations/PDFs/%D9%86%D8%B8%D8%A7%D9%85%20%D8%A7%D9%84%D9%85%D8%B1%D8%A7%D9%81%D8%B9%D8%A7%D8%AA%20%D8%A3%D9%85%D8%A7%D9%85%20%D8%AF%D9%8A%D9%88%D8%A7%D9%86%20%D8%A7%D9%84%D9%85%D8%B8%D8%A7%D9%84%D9%85%20%D9%88%D9%84%D8%A7%D8%A6%D8%AD%D8%AA%D9%87%20%D8%A7%D9%84%D8%AA%D9%86%D9%81%D9%8A%D8%B0%D9%8A%D8%A9%20%D9%88%D8%A7%D9%84%D9%82%D8%B1%D8%A7%D8%B1%D8%A7%D8%AA%20%D9%88%D8%A7%D9%84%D8%AA%D8%B9%D8%A7%D9%85%D9%8A%D9%85%20%D8%A7%D9%84%D9%85%D8%B1%D8%AA%D8%A8%D8%B7%D8%A9%20%D8%A8%D9%87%D9%85%D8%A7.pdf | https://moen.bog.gov.sa/Style%20Library/Images/SubmitCaseRequest_Handbook.pdf","PARTIALLY VERIFIED | INFERENCE | HUMAN DECISION | VERIFIED","CRITICAL","لا تعدّل آليًا؛ اعتمد قاعدة واحدة ثم طبّقها على جميع Results المرتبطة.","","","","","NO",""
"LD-038","اختصاص الموظف الحكومي — فصل الخاضع لنظام العمل عن المدني/العسكري","الإداري وديوان المظالم","R-GOV-EMPLOYEE-ADMIN","1","ما الاختبار النظامي الذي يفصل خضوع الموظف الحكومي لنظام العمل عن الخدمة المدنية/العسكرية، وما الجهة المختصة لكل فرع؟","","","https://www.bog.gov.sa/EServices/Pages/moen.aspx","INFERENCE","CRITICAL","لا تعدّل آليًا؛ اعتمد قاعدة واحدة ثم طبّقها على جميع Results المرتبطة.","","","","","NO",""
"LD-039","اعتماد الصياغة والمصدر — البنوك والتمويل","البنوك والتمويل","R-SP-BANKING-COMMITTEE","1","هل يدعم المصدر الرسمي جميع الادعاءات العملية في النتيجة، أم يلزم تقييدها أو تقسيمها؟","","","https://www.bfc.gov.sa/ar-sa/eServices/pages/appellatecommittee.aspx","INFERENCE","CRITICAL","لا تعدّل آليًا؛ اعتمد قاعدة واحدة ثم طبّقها على جميع Results المرتبطة.","","","","","NO",""
"LD-040","المدد النظامية — البنوك والتمويل","البنوك والتمويل","R-REAL-FINANCE-SPECIAL","1","ما مقدار المدة وبدايتها ونهايتها والاستثناءات وأثر فواتها وفق النص المطبق على هذه الحالة؟","","","https://www.moj.gov.sa/ar/Ministry/Pages/SLA.aspx","PARTIALLY VERIFIED","HIGH","لا تعدّل آليًا؛ اعتمد قاعدة واحدة ثم طبّقها على جميع Results المرتبطة.","","","","","NO",""
"LD-041","المدد النظامية — التأمين","التأمين","R-SP-INS-DISPUTE","1","ما مقدار المدة وبدايتها ونهايتها والاستثناءات وأثر فواتها وفق النص المطبق على هذه الحالة؟","","","https://www.ia.gov.sa/ar/faqs","INFERENCE","CRITICAL","لا تعدّل آليًا؛ اعتمد قاعدة واحدة ثم طبّقها على جميع Results المرتبطة.","","","","","NO",""
"LD-042","المدد النظامية — نظام الإثبات نظام الإثبات","التأمين","R-EVID-INSPECTION","1","ما مقدار المدة وبدايتها ونهايتها والاستثناءات وأثر فواتها وفق النص المطبق على هذه الحالة؟","نظام الإثبات نظام الإثبات","باب المعاينة — نظام الإثبات","https://laws.boe.gov.sa/BoeLaws/Laws/LawDetails/2716057c-c097-4bad-8e1e-ae1400c678d5/1","PARTIALLY VERIFIED","HIGH","لا تعدّل آليًا؛ اعتمد قاعدة واحدة ثم طبّقها على جميع Results المرتبطة.","","","","","NO",""
"LD-043","المدد النظامية — العقار والإيجار","العقار والإيجار","R-REAL-RELEASE-MORTGAGE | R-REAL-SPLIT-MERGE | R-REAL-TRANSFER","3","ما مقدار المدة وبدايتها ونهايتها والاستثناءات وأثر فواتها وفق النص المطبق على هذه الحالة؟","","","https://www.moj.gov.sa/ar/Ministry/Pages/SLA.aspx","PARTIALLY VERIFIED","HIGH","لا تعدّل آليًا؛ اعتمد قاعدة واحدة ثم طبّقها على جميع Results المرتبطة.","","","","","NO",""
"LD-044","المدد النظامية — نظام الوساطة العقارية","العقار والإيجار","R-BROKERAGE-REAL","1","ما مقدار المدة وبدايتها ونهايتها والاستثناءات وأثر فواتها وفق النص المطبق على هذه الحالة؟","نظام الوساطة العقارية","","https://rega.gov.sa/الأنظمة-والقرارات/الأنظمة-واللوائح-والأدلة/الأنظمة/نظام-الوساطة-العقارية/","PARTIALLY VERIFIED","HIGH","لا تعدّل آليًا؛ اعتمد قاعدة واحدة ثم طبّقها على جميع Results المرتبطة.","","","","","NO",""
"LD-045","المدد النظامية — نظام الإجراءات الجزائية ولائحته التنفيذية","العقار والإيجار","R-CRIM-RELEASE-NOT-END","1","ما مقدار المدة وبدايتها ونهايتها والاستثناءات وأثر فواتها وفق النص المطبق على هذه الحالة؟","نظام الإجراءات الجزائية ولائحته التنفيذية","نظام الإجراءات الجزائية يفرد فصلًا للإفراج المؤقت ضمن إجراءات التحقيق، ثم فصلًا مستقلًا لإنهاء التحقيق والتصرف في الدعوى.","https://www.moj.gov.sa/Documents/Regulations/pdf/LawOfCriminalProcedureAndItsExecutiveRegulations.pdf","PARTIALLY VERIFIED","HIGH","لا تعدّل آليًا؛ اعتمد قاعدة واحدة ثم طبّقها على جميع Results المرتبطة.","","","","","NO",""
"LD-046","اعتماد الصياغة والمصدر — الزكاة والضريبة","الزكاة والضريبة","R-ZATCA-VAT-DEREG | R-ZATCA-VAT-REG | R-ZATCA-VAT-RETURN","3","هل يدعم المصدر الرسمي جميع الادعاءات العملية في النتيجة، أم يلزم تقييدها أو تقسيمها؟","","","https://zatca.gov.sa/ar/eServices/Pages/eServices_007.aspx","INFERENCE","CRITICAL","لا تعدّل آليًا؛ اعتمد قاعدة واحدة ثم طبّقها على جميع Results المرتبطة.","","","","","NO",""
"LD-047","المدد النظامية — الزكاة والضريبة","الزكاة والضريبة","R-ZATCA-EINVOICE","1","ما مقدار المدة وبدايتها ونهايتها والاستثناءات وأثر فواتها وفق النص المطبق على هذه الحالة؟","","","https://zatca.gov.sa/ar/E-Invoicing/Pages/default.aspx","INFERENCE","CRITICAL","لا تعدّل آليًا؛ اعتمد قاعدة واحدة ثم طبّقها على جميع Results المرتبطة.","","","","","NO",""
"LD-048","الاختصاص والجهة — نظام الإجراءات الجزائية ولائحته التنفيذية","الزكاة والضريبة","R-CRIM-PRIVATE-RIGHT","1","هل الجهة والمحكمة ونوع الإجراء المحددة صحيحة لكل صور الحالة والاستثناءات المحتملة؟","نظام الإجراءات الجزائية ولائحته التنفيذية","نظام الإجراءات الجزائية يفصل بين الدعوى الجزائية العامة والادعاء بالحق الخاص وينظم الدعاء بالحق الخاص أثناء المحاكمة. | المادة 16","https://www.moj.gov.sa/Documents/Regulations/pdf/LawOfCriminalProcedureAndItsExecutiveRegulations.pdf","PARTIALLY VERIFIED","HIGH","لا تعدّل آليًا؛ اعتمد قاعدة واحدة ثم طبّقها على جميع Results المرتبطة.","","","","","NO",""
"LD-049","طرق الاعتراض والمدد — تحديد النظام الإجرائي المطبق","الزكاة والضريبة","R-SP-ZATCA-OBJECT","1","ما مقدار المدة وبدايتها ونهايتها والاستثناءات وأثر فواتها وفق النص المطبق على هذه الحالة؟","","","https://zatca.gov.sa/ar/eServices/Pages/eServices-021.aspx","PARTIALLY VERIFIED","HIGH","لا تعدّل آليًا؛ اعتمد قاعدة واحدة ثم طبّقها على جميع Results المرتبطة.","","","","","NO",""
"LD-050","إنفاذ الملكية الفكرية — شكوى الهيئة مقابل الدعوى/التعويض/تنفيذ الحكم","الملكية الفكرية","R-COMM-IP-COPYRIGHT-ENFORCEMENT | R-COMM-IP-PATENT-ENFORCEMENT | R-COMM-IP-SERVICE | R-CIVIL-COOWNERSHIP-DIVISION | R-CIVIL-COOWNERSHIP-USE | R-COMM-IP-COPYRIGHT-SERVICE | R-COMM-IP-ENFORCEMENT | R-COMM-IP-PATENT-SERVICE","8","هل المسار شكوى إنفاذ لدى الهيئة أم دعوى تعويض/طعن قضائي، وما الجهة والمهلة لكل مرحلة؟","نظام المعاملات المدنية نظام المعاملات المدنية","الخدمة بلا رسوم وفق الهيئة. | موقع الهيئة يصف خدمات متكاملة تبدأ بالإرشاد والحماية ثم الإدارة والإنفاذ، مع فصل المجالات والخدمات. | المواد 626–628 — نظام المعاملات المدنية | المادتان 634–635 — نظام المعاملات المدنية | رسوم الفحص والتسجيل تختلف للفرد والمنشأة والطلاب كما تنشر الهيئة؛ تعرض للمستخدم حسب صفته. | الهيئة مختصة بحماية وإنفاذ الحقوق، وتنشر مسارات التقاضي؛ وخدمة تنفيذ حكم حق المؤلف تشترط حكمًا نهائيًا مكتسب القطعية وواجب النفاذ. | رسوم الإيداع المنشورة: 400 ريال للأفراد و800 ريال للمؤسسات.","https://www.saip.gov.sa/ar/services/copyrights/copyr7 | https://www.saip.gov.sa/ar/services/patents/patent-application | https://www.saip.gov.sa/ar/resources/lows-and-regulations/systems-and-regulations | https://laws.boe.gov.sa/BoeLaws/Laws/LawDetails/655fdb42-8c96-422b-b8c4-b04f0095c94c/1","STALE RISK | PARTIALLY VERIFIED | VERIFIED","CRITICAL","لا تعدّل آليًا؛ اعتمد قاعدة واحدة ثم طبّقها على جميع Results المرتبطة.","","","","","YES",""
"LD-051","اعتماد الصياغة والمصدر — نظام الحماية من الإيذاء","القطاعات التنظيمية الأخرى","R-DV-CRIMINAL-PROTECTION","1","هل يدعم المصدر الرسمي جميع الادعاءات العملية في النتيجة، أم يلزم تقييدها أو تقسيمها؟","نظام الحماية من الإيذاء","","https://laws.boe.gov.sa/BoeLaws/Laws/LawDetails/83f450eb-7985-461f-b053-a9a700f2ba08/1","INFERENCE","CRITICAL","لا تعدّل آليًا؛ اعتمد قاعدة واحدة ثم طبّقها على جميع Results المرتبطة.","","","","","NO",""
"LD-052","التكاليف القضائية — القطاعات التنظيمية الأخرى","القطاعات التنظيمية الأخرى","R-DOC-DEBT-ACK | R-DOC-DEBT-WAIVER | R-DOC-MONEY-RECEIPT-ACK | R-DOC-MONEY-WAIVER | R-DOC-MOVABLE-RECEIPT | R-DOC-MOVABLE-WAIVER | R-DOC-PAYMENT-ACK | R-DOC-POWER-REVOKE | R-DOC-POWER-VERIFY | R-MONEY-CLAIM-FIRST","10","ما مقدار المدة وبدايتها ونهايتها والاستثناءات وأثر فواتها وفق النص المطبق على هذه الحالة؟","","","https://www.moj.gov.sa/ar/Ministry/Pages/SLA.aspx | https://www.moj.gov.sa/ar/eServices/Pages/77e3313f-b87b-42c9-b146-b16b51ce768c.aspx | https://www.moj.gov.sa/ar/eservices/pages/1d20b5c0-3f84-4374-92d1-0976a99322d5.aspx | https://www.moj.gov.sa/ar/eServices/pages/e60fa60a-a113-4126-a1f4-be40896df5a2.aspx | https://www.moj.gov.sa/ar/eServices/pages/937727d6-914d-4cda-a04a-aaecfb0eb05e.aspx | https://www.moj.gov.sa/ar/eservices/pages/4a40a308-f23d-42a7-ac33-cac0debbd13f.aspx | https://www.moj.gov.sa/ar/eServices/pages/20f22820-099f-49c2-b43d-42db8db0ac86.aspx | https://www.moj.gov.sa/ar/Ministry/Pages/CaseTripInMOJ.aspx","PARTIALLY VERIFIED","HIGH","لا تعدّل آليًا؛ اعتمد قاعدة واحدة ثم طبّقها على جميع Results المرتبطة.","","","","","NO",""
"LD-053","الاختصاص والجهة — نظام الإجراءات الجزائية ولائحته التنفيذية","القطاعات التنظيمية الأخرى","R-CRIM-ARRESTED | R-CRIM-COMPLAINT-REQUIRED | R-CRIM-JURISDICTION | R-CRIM-LAWYER-DEFENSE | R-CRIM-REPORT-FOLLOW | R-CRIM-SUMMONS | R-CRIM-SUMMONS-CHECK | R-CRIMINAL-STATUS-CHECK","8","هل الجهة والمحكمة ونوع الإجراء المحددة صحيحة لكل صور الحالة والاستثناءات المحتملة؟","نظام الإجراءات الجزائية ولائحته التنفيذية","المادة 2؛ المادة 4؛ واللائحة التنفيذية المادة 22: تعريف المقبوض عليه بسبب القبض وحق المحامي والاتصال بمن يرى إبلاغه. | نظام الإجراءات الجزائية يقرر وجود حالات تتوقف فيها إقامة الدعوى أو التحقيق على شكوى المجني عليه أو من ينوب عنه، مع استثناء حالة المصلحة العامة وفق النظام. | المادة 17 | الباب الخامس من نظام الإجراءات الجزائية ينظم المحاكم والاختصاصات الجزائية وتنازع الاختصاص. | المواد 128–132 | المادة 4/1: لكل متهم حق الاستعانة بوكيل أو محام للدفاع عنه في مرحلتي التحقيق والمحاكمة؛ واللائحة توجب تعريفه بهذا الحق عند القبض أو التوقيف. | نظام الإجراءات الجزائية يفصل بين جمع الاستدلال والتحقيق ثم الإحالة للمحكمة؛ لذلك جهة المتابعة تتغير بحسب المرحلة. | نظام الإجراءات الجزائية ينظم حضور الخصوم وإجراءات التحقيق، مع ضمان حق المتهم في المحامي. | النظام ينظم حضور الخصوم، وناجز يتيح الخدمات القضائية للأطراف.","https://www.moj.gov.sa/Documents/Regulations/pdf/LawOfCriminalProcedureAndItsExecutiveRegulations.pdf","PARTIALLY VERIFIED","HIGH","لا تعدّل آليًا؛ اعتمد قاعدة واحدة ثم طبّقها على جميع Results المرتبطة.","","","","","NO",""
"LD-054","المدد النظامية — القطاعات التنظيمية الأخرى","القطاعات التنظيمية الأخرى","R-CRIM-CYBER-REPORT | R-DOC-OTHER-ACK | R-DOC-POWER-FIRST65 | R-DOC-POWER-REGISTER","4","ما مقدار المدة وبدايتها ونهايتها والاستثناءات وأثر فواتها وفق النص المطبق على هذه الحالة؟","","","https://my.gov.sa/.well-known/services/398352 | https://www.moj.gov.sa/ar/eServices/Pages/ea04c420-0602-4045-80a0-070063feb122.aspx | https://www.moj.gov.sa/ar/eServices/Pages/3472d517-7cb4-4cd5-a6bc-2abc9751eea3.aspx | https://www.moj.gov.sa/ar/eServices/Pages/40e619cb-a221-44c2-ba99-af7b70c37bd8.aspx","PARTIALLY VERIFIED","HIGH","لا تعدّل آليًا؛ اعتمد قاعدة واحدة ثم طبّقها على جميع Results المرتبطة.","","","","","NO",""
"LD-055","المدد النظامية — نظام الإجراءات الجزائية ولائحته التنفيذية","القطاعات التنظيمية الأخرى","R-CRIM-DETAINED | R-CRIM-LAWYER-MERITS | R-CRIM-PUBLIC-ACTION | R-CRIM-VICTIM-INVESTIGATION","4","ما مقدار المدة وبدايتها ونهايتها والاستثناءات وأثر فواتها وفق النص المطبق على هذه الحالة؟","نظام الإجراءات الجزائية ولائحته التنفيذية","المادة 2 تمنع التوقيف إلا نظامًا؛ المادة 4 تقر حق المحامي؛ اللائحة توجب تعريف الموقوف بسبب التوقيف وحق المحامي والاتصال بمن يرى إبلاغه. | المادة 4 تقر حق المحامي، ووزارة العدل توضح أن طلب تكليف محام لمتهم في الجرائم الكبيرة يرفع من المحكمة ناظرة الدعوى وفق المادة 139. | الباب الأول والثاني من نظام الإجراءات الجزائية ينظمان رفع الدعوى الجزائية العامة وانقضاءها، والنيابة العامة تتولى التحقيق والادعاء وفق النظام. | المادة 15 | النظام ينظم الاستدلال والتحقيق والادعاء بالحق الخاص بصورة مستقلة.","https://www.moj.gov.sa/Documents/Regulations/pdf/LawOfCriminalProcedureAndItsExecutiveRegulations.pdf","PARTIALLY VERIFIED","HIGH","لا تعدّل آليًا؛ اعتمد قاعدة واحدة ثم طبّقها على جميع Results المرتبطة.","","","","","NO",""
"LD-056","طرق الاعتراض والمدد — نظام الإجراءات الجزائية","القطاعات التنظيمية الأخرى","R-CRIM-APPEAL | R-CRIM-CASSATION | R-CRIM-REVIEW","3","ما مقدار المدة وبدايتها ونهايتها والاستثناءات وأثر فواتها وفق النص المطبق على هذه الحالة؟","نظام الإجراءات الجزائية","الباب السابع من نظام الإجراءات الجزائية ينظم الاستئناف؛ وزارة العدل تقرر أن محاكم الاستئناف تنظر الأحكام القابلة للاستئناف الصادرة من الدرجة الأولى. | نظام الإجراءات الجزائية — المادة 192 وما بعدها | أسباب النقض محصورة: مخالفة الشريعة/الأنظمة، تشكيل المحكمة غير السليم، عدم الاختصاص، والخطأ في تكييف الواقعة أو وصفها. | نظام الإجراءات الجزائية — المواد 198–203 | الباب السابع من نظام الإجراءات الجزائية يتضمن إعادة النظر كطريق اعتراض استثنائي على الأحكام النهائية. | نظام الإجراءات الجزائية — المواد 204–209","https://www.moj.gov.sa/Documents/Regulations/pdf/LawOfCriminalProcedureAndItsExecutiveRegulations.pdf","PARTIALLY VERIFIED","HIGH","لا تعدّل آليًا؛ اعتمد قاعدة واحدة ثم طبّقها على جميع Results المرتبطة.","","","","","NO",""
"LD-057","الاختصاص والجهة — القطاعات التنظيمية الأخرى","القطاعات التنظيمية الأخرى","R-CRIM-REPORT-GENERAL | R-BROKERAGE-COMMERCIAL","2","هل الجهة والمحكمة ونوع الإجراء المحددة صحيحة لكل صور الحالة والاستثناءات المحتملة؟","","","https://moj.gov.sa/ar/Ministry/Courts/Pages/FirstCourts.aspx | https://moj.gov.sa/ar/eServices/Pages/928b8f02-19a7-482b-ba0e-29a151d9a900.aspx","PROCEDURAL GUIDANCE | PARTIALLY VERIFIED","HIGH","لا تعدّل آليًا؛ اعتمد قاعدة واحدة ثم طبّقها على جميع Results المرتبطة.","","","","","NO",""
"LD-058","طرق الاعتراض والمدد — نظام الإجراءات الجزائية ولائحته التنفيذية","القطاعات التنظيمية الأخرى","R-CRIM-ARCHIVED","1","ما مقدار المدة وبدايتها ونهايتها والاستثناءات وأثر فواتها وفق النص المطبق على هذه الحالة؟","نظام الإجراءات الجزائية ولائحته التنفيذية","الفصل العاشر من إجراءات التحقيق ينظم إنهاء التحقيق والتصرف في الدعوى، وهو مختلف عن مجرد جمع الاستدلال.","https://www.moj.gov.sa/Documents/Regulations/pdf/LawOfCriminalProcedureAndItsExecutiveRegulations.pdf","PARTIALLY VERIFIED","HIGH","لا تعدّل آليًا؛ اعتمد قاعدة واحدة ثم طبّقها على جميع Results المرتبطة.","","","","","NO",""
"LD-059","طرق الاعتراض والمدد — تحديد النظام الإجرائي المطبق","القطاعات التنظيمية الأخرى","R-DOC-POWER-ISSUE","1","ما مقدار المدة وبدايتها ونهايتها والاستثناءات وأثر فواتها وفق النص المطبق على هذه الحالة؟","","","https://www.moj.gov.sa/ar/eServices/Pages/3472d517-7cb4-4cd5-a6bc-2abc9751eea3.aspx","PARTIALLY VERIFIED","HIGH","لا تعدّل آليًا؛ اعتمد قاعدة واحدة ثم طبّقها على جميع Results المرتبطة.","","","","","NO",""