"Monitor ID","الفئة","الموضوع","Results المتأثرة","عدد Results","المصدر الرسمي","الوضع الحالي","تاريخ النشر","تاريخ النفاذ","النظام القديم","النظام الجديد","هل يلزم تعديل المشروع الآن؟","Trigger for update","Last checked","Next review"
"LCM-001","F. نظام جديد منشور ولم يدخل حيز النفاذ","انتقال نظام التنفيذ 2026","R-FAM-CUSTODY-LETTER","1","https://www.moj.gov.sa/sites/knowledgebase/Documents02/CRM_CCTS_2c37a563-df95-416b-b229-e2d037a3e575.pdf","النظام السابق مطبق حتى ثبوت تاريخ نفاذ النظام الجديد وأحكامه الانتقالية.","2026-05-01","بعد 180 يومًا من النشر — يثبتها المحامي رسميًا","نظام التنفيذ السابق وتعديلاته","نظام التنفيذ المنشور في أم القرى عام 2026","لا قبل ثبوت النفاذ والانطباق؛ جهّز تحديثًا مؤرخًا.","بلوغ تاريخ النفاذ ونشر اللائحة/الأحكام الانتقالية.","2026-09-23","2026-10-15"
"LCM-002","F. نظام جديد منشور ولم يدخل حيز النفاذ","انتقال نظام التنفيذ 2026","R-FAM-VISIT-EXEC | R-EXEC-CUSTODY-VISIT","2","https://www.moj.gov.sa/sites/knowledgebase/Documents02/CRM_CCTS_a4dccf2e-bd5c-4bcc-8320-9add6037e783.pdf","النظام السابق مطبق حتى ثبوت تاريخ نفاذ النظام الجديد وأحكامه الانتقالية.","2026-05-01","بعد 180 يومًا من النشر — يثبتها المحامي رسميًا","نظام التنفيذ السابق وتعديلاته","نظام التنفيذ المنشور في أم القرى عام 2026","لا قبل ثبوت النفاذ والانطباق؛ جهّز تحديثًا مؤرخًا.","بلوغ تاريخ النفاذ ونشر اللائحة/الأحكام الانتقالية.","2026-09-23","2026-10-15"
"LCM-003","F. نظام جديد منشور ولم يدخل حيز النفاذ","انتقال نظام التنفيذ 2026","R-COMM-IP-COPYRIGHT-ENFORCEMENT","1","https://www.saip.gov.sa/ar/services/copyrights/copyr7","النظام السابق مطبق حتى ثبوت تاريخ نفاذ النظام الجديد وأحكامه الانتقالية.","2026-05-01","بعد 180 يومًا من النشر — يثبتها المحامي رسميًا","نظام التنفيذ السابق وتعديلاته","نظام التنفيذ المنشور في أم القرى عام 2026","لا قبل ثبوت النفاذ والانطباق؛ جهّز تحديثًا مؤرخًا.","بلوغ تاريخ النفاذ ونشر اللائحة/الأحكام الانتقالية.","2026-09-23","2026-10-15"
"LCM-004","F. نظام جديد منشور ولم يدخل حيز النفاذ","انتقال نظام التنفيذ 2026","R-COMM-IP-PATENT-ENFORCEMENT","1","https://www.saip.gov.sa/ar/services/patents/patent-application","النظام السابق مطبق حتى ثبوت تاريخ نفاذ النظام الجديد وأحكامه الانتقالية.","2026-05-01","بعد 180 يومًا من النشر — يثبتها المحامي رسميًا","نظام التنفيذ السابق وتعديلاته","نظام التنفيذ المنشور في أم القرى عام 2026","لا قبل ثبوت النفاذ والانطباق؛ جهّز تحديثًا مؤرخًا.","بلوغ تاريخ النفاذ ونشر اللائحة/الأحكام الانتقالية.","2026-09-23","2026-10-15"
"LCM-005","F. نظام جديد منشور ولم يدخل حيز النفاذ","انتقال نظام التنفيذ 2026","R-PROC-CASSATION-STAY","1","https://www.moj.gov.sa/ar/eServices/pages/aee148d0-b7f7-43eb-b1cf-8eabf4d8b10d.aspx","النظام السابق مطبق حتى ثبوت تاريخ نفاذ النظام الجديد وأحكامه الانتقالية.","2026-05-01","بعد 180 يومًا من النشر — يثبتها المحامي رسميًا","نظام التنفيذ السابق وتعديلاته","نظام التنفيذ المنشور في أم القرى عام 2026","لا قبل ثبوت النفاذ والانطباق؛ جهّز تحديثًا مؤرخًا.","بلوغ تاريخ النفاذ ونشر اللائحة/الأحكام الانتقالية.","2026-09-23","2026-10-15"
"LCM-006","F. نظام جديد منشور ولم يدخل حيز النفاذ","انتقال نظام التنفيذ 2026","R-SP-ADMIN-GRIEVANCE-PENDING | R-SP-ADMIN-GRIEVANCE-RESPONSE | R-SP-ADMIN-START","3","https://laws.boe.gov.sa/BoeLaws/Laws/LawDetails/f2f7b465-b576-4f47-a8e7-a9a700f27202/1","النظام السابق مطبق حتى ثبوت تاريخ نفاذ النظام الجديد وأحكامه الانتقالية.","2026-05-01","بعد 180 يومًا من النشر — يثبتها المحامي رسميًا","نظام التنفيذ السابق وتعديلاته","نظام التنفيذ المنشور في أم القرى عام 2026","لا قبل ثبوت النفاذ والانطباق؛ جهّز تحديثًا مؤرخًا.","بلوغ تاريخ النفاذ ونشر اللائحة/الأحكام الانتقالية.","2026-09-23","2026-10-15"
"LCM-007","F. نظام جديد منشور ولم يدخل حيز النفاذ","انتقال نظام التنفيذ 2026","R-ADMIN-EXEC-DEADLINES | R-ADMIN-EXEC-DEMAND","2","https://www.bog.gov.sa/EServices/Pages/tanfeedh.aspx","النظام السابق مطبق حتى ثبوت تاريخ نفاذ النظام الجديد وأحكامه الانتقالية.","2026-05-01","بعد 180 يومًا من النشر — يثبتها المحامي رسميًا","نظام التنفيذ السابق وتعديلاته","نظام التنفيذ المنشور في أم القرى عام 2026","لا قبل ثبوت النفاذ والانطباق؛ جهّز تحديثًا مؤرخًا.","بلوغ تاريخ النفاذ ونشر اللائحة/الأحكام الانتقالية.","2026-09-23","2026-10-15"
"LCM-008","F. نظام جديد منشور ولم يدخل حيز النفاذ","انتقال نظام التنفيذ 2026","R-ADMIN-EXEC-INSTRUMENT | R-ADMIN-EXEC-JUDGMENT","2","https://www.bog.gov.sa/MediaCenter/Documents/ERISBTBG.pdf","النظام السابق مطبق حتى ثبوت تاريخ نفاذ النظام الجديد وأحكامه الانتقالية.","2026-05-01","بعد 180 يومًا من النشر — يثبتها المحامي رسميًا","نظام التنفيذ السابق وتعديلاته","نظام التنفيذ المنشور في أم القرى عام 2026","لا قبل ثبوت النفاذ والانطباق؛ جهّز تحديثًا مؤرخًا.","بلوغ تاريخ النفاذ ونشر اللائحة/الأحكام الانتقالية.","2026-09-23","2026-10-15"
"LCM-009","F. نظام جديد منشور ولم يدخل حيز النفاذ","انتقال نظام التنفيذ 2026","R-SP-ADMIN-CASE","1","https://www.bog.gov.sa/EServices/Pages/submit-judicial-requests.aspx","النظام السابق مطبق حتى ثبوت تاريخ نفاذ النظام الجديد وأحكامه الانتقالية.","2026-05-01","بعد 180 يومًا من النشر — يثبتها المحامي رسميًا","نظام التنفيذ السابق وتعديلاته","نظام التنفيذ المنشور في أم القرى عام 2026","لا قبل ثبوت النفاذ والانطباق؛ جهّز تحديثًا مؤرخًا.","بلوغ تاريخ النفاذ ونشر اللائحة/الأحكام الانتقالية.","2026-09-23","2026-10-15"
"LCM-010","F. نظام جديد منشور ولم يدخل حيز النفاذ","انتقال نظام التنفيذ 2026","R-SP-ADMIN-JUDGMENT | R-GOV-CASE-MOEN","2","https://www.bog.gov.sa/EServices/Pages/moen.aspx","النظام السابق مطبق حتى ثبوت تاريخ نفاذ النظام الجديد وأحكامه الانتقالية.","2026-05-01","بعد 180 يومًا من النشر — يثبتها المحامي رسميًا","نظام التنفيذ السابق وتعديلاته","نظام التنفيذ المنشور في أم القرى عام 2026","لا قبل ثبوت النفاذ والانطباق؛ جهّز تحديثًا مؤرخًا.","بلوغ تاريخ النفاذ ونشر اللائحة/الأحكام الانتقالية.","2026-09-23","2026-10-15"
"LCM-011","F. نظام جديد منشور ولم يدخل حيز النفاذ","انتقال نظام التنفيذ 2026","R-COMM-ARBITRATION-ENFORCE | R-COMM-ARBITRATION-NULLITY-EXEC","2","https://laws.boe.gov.sa/BoeLaws/Laws/LawDetails/5535039e-13da-43f6-8f53-a9a700f26485/1","النظام السابق مطبق حتى ثبوت تاريخ نفاذ النظام الجديد وأحكامه الانتقالية.","2026-05-01","بعد 180 يومًا من النشر — يثبتها المحامي رسميًا","نظام التنفيذ السابق وتعديلاته","نظام التنفيذ المنشور في أم القرى عام 2026","لا قبل ثبوت النفاذ والانطباق؛ جهّز تحديثًا مؤرخًا.","بلوغ تاريخ النفاذ ونشر اللائحة/الأحكام الانتقالية.","2026-09-23","2026-10-15"
"LCM-012","F. نظام جديد منشور ولم يدخل حيز النفاذ","انتقال نظام التنفيذ 2026","R-COMM-ARBITRATION-AWARD-EXEC","1","https://laws.boe.gov.sa/BoeLaws/Laws/LawDetails/7e95b5f8-5f24-4d6a-8f39-a9a700f16e0b/1","النظام السابق مطبق حتى ثبوت تاريخ نفاذ النظام الجديد وأحكامه الانتقالية.","2026-05-01","بعد 180 يومًا من النشر — يثبتها المحامي رسميًا","نظام التنفيذ السابق وتعديلاته","نظام التنفيذ المنشور في أم القرى عام 2026","لا قبل ثبوت النفاذ والانطباق؛ جهّز تحديثًا مؤرخًا.","بلوغ تاريخ النفاذ ونشر اللائحة/الأحكام الانتقالية.","2026-09-23","2026-10-15"
"LCM-013","F. نظام جديد منشور ولم يدخل حيز النفاذ","انتقال نظام التنفيذ 2026","R-EXEC-ADD-HEIR","1","https://www.moj.gov.sa/ar/eservices/pages/d3061fe4-6bad-4bc1-b38d-63217c7a76b3.aspx","النظام السابق مطبق حتى ثبوت تاريخ نفاذ النظام الجديد وأحكامه الانتقالية.","2026-05-01","بعد 180 يومًا من النشر — يثبتها المحامي رسميًا","نظام التنفيذ السابق وتعديلاته","نظام التنفيذ المنشور في أم القرى عام 2026","لا قبل ثبوت النفاذ والانطباق؛ جهّز تحديثًا مؤرخًا.","بلوغ تاريخ النفاذ ونشر اللائحة/الأحكام الانتقالية.","2026-09-23","2026-10-15"
"LCM-014","F. نظام جديد منشور ولم يدخل حيز النفاذ","انتقال نظام التنفيذ 2026","R-FAM-CUSTODY-EXEC | R-FAM-CUSTODY-DOC | R-FAM-CUSTODY-OBSTRUCTION | R-FAMILY-DOCUMENT-CHECK","4","https://www.moj.gov.sa/ar/eservices/pages/739b4d6e-c736-4d27-ba3e-a6d17dd561aa.aspx","النظام السابق مطبق حتى ثبوت تاريخ نفاذ النظام الجديد وأحكامه الانتقالية.","2026-05-01","بعد 180 يومًا من النشر — يثبتها المحامي رسميًا","نظام التنفيذ السابق وتعديلاته","نظام التنفيذ المنشور في أم القرى عام 2026","لا قبل ثبوت النفاذ والانطباق؛ جهّز تحديثًا مؤرخًا.","بلوغ تاريخ النفاذ ونشر اللائحة/الأحكام الانتقالية.","2026-09-23","2026-10-15"
"LCM-015","F. نظام جديد منشور ولم يدخل حيز النفاذ","انتقال نظام التنفيذ 2026","R-FAM-CUSTODY-VISIT-MODIFY-JUDGMENT | R-FAM-VISIT-DEEP","2","https://laws-gateway.moj.gov.sa/apis/legislations/v1/ExportDocument/pdf?Serial=4DC3ARZ00YqnoqpraZMxCQ","النظام السابق مطبق حتى ثبوت تاريخ نفاذ النظام الجديد وأحكامه الانتقالية.","2026-05-01","بعد 180 يومًا من النشر — يثبتها المحامي رسميًا","نظام التنفيذ السابق وتعديلاته","نظام التنفيذ المنشور في أم القرى عام 2026","لا قبل ثبوت النفاذ والانطباق؛ جهّز تحديثًا مؤرخًا.","بلوغ تاريخ النفاذ ونشر اللائحة/الأحكام الانتقالية.","2026-09-23","2026-10-15"
"LCM-016","F. نظام جديد منشور ولم يدخل حيز النفاذ","انتقال نظام التنفيذ 2026","R-CRIM-OBJECTION-EXEC","1","https://www.moj.gov.sa/Documents/Regulations/pdf/LawOfCriminalProcedureAndItsExecutiveRegulations.pdf","النظام السابق مطبق حتى ثبوت تاريخ نفاذ النظام الجديد وأحكامه الانتقالية.","2026-05-01","بعد 180 يومًا من النشر — يثبتها المحامي رسميًا","نظام التنفيذ السابق وتعديلاته","نظام التنفيذ المنشور في أم القرى عام 2026","لا قبل ثبوت النفاذ والانطباق؛ جهّز تحديثًا مؤرخًا.","بلوغ تاريخ النفاذ ونشر اللائحة/الأحكام الانتقالية.","2026-09-23","2026-10-15"
"LCM-017","F. نظام جديد منشور ولم يدخل حيز النفاذ","انتقال نظام التنفيذ 2026","R-DOC-PAYMENT-EXEC-GATE | R-EXEC-DEBTOR-DEATH | R-EXEC-DIRECT-ACT | R-EXEC-DIRECT-DELIVERY | R-EXEC-SADAD-INVOICE | R-MONEY-EXEC-APPLY | R-FAM-MAINT-NOT-RECEIVED","7","https://www.moj.gov.sa/ar/eservices/pages/1c719954-3463-4754-85e1-1b319b937b86.aspx","النظام السابق مطبق حتى ثبوت تاريخ نفاذ النظام الجديد وأحكامه الانتقالية.","2026-05-01","بعد 180 يومًا من النشر — يثبتها المحامي رسميًا","نظام التنفيذ السابق وتعديلاته","نظام التنفيذ المنشور في أم القرى عام 2026","لا قبل ثبوت النفاذ والانطباق؛ جهّز تحديثًا مؤرخًا.","بلوغ تاريخ النفاذ ونشر اللائحة/الأحكام الانتقالية.","2026-09-23","2026-10-15"
"LCM-018","F. نظام جديد منشور ولم يدخل حيز النفاذ","انتقال نظام التنفيذ 2026","R-EXEC-ACTION-TEXT-REVIEW | R-EXEC-AFTER34 | R-EXEC-ARTICLE46 | R-EXEC-DISPUTE | R-EXEC-FIVE-DAYS | R-EXEC-LIFT46 | R-EXEC-MERITS-NOT-DISPUTE","7","https://laws.boe.gov.sa/BoeLaws/Laws/LawDetails/c81ba2f1-1bf1-443b-9b1c-a9a700f27110/1","النظام السابق مطبق حتى ثبوت تاريخ نفاذ النظام الجديد وأحكامه الانتقالية.","2026-05-01","بعد 180 يومًا من النشر — يثبتها المحامي رسميًا","نظام التنفيذ السابق وتعديلاته","نظام التنفيذ المنشور في أم القرى عام 2026","لا قبل ثبوت النفاذ والانطباق؛ جهّز تحديثًا مؤرخًا.","بلوغ تاريخ النفاذ ونشر اللائحة/الأحكام الانتقالية.","2026-09-23","2026-10-15"
"LCM-019","F. نظام جديد منشور ولم يدخل حيز النفاذ","انتقال نظام التنفيذ 2026","R-EXEC-AD-INVOICE | R-EXEC-AD-INVOICE-CURRENT","2","https://www.moj.gov.sa/ar/eServices/Pages/f05580e3-fadc-4227-bb2c-8500fabcf73f.aspx","النظام السابق مطبق حتى ثبوت تاريخ نفاذ النظام الجديد وأحكامه الانتقالية.","2026-05-01","بعد 180 يومًا من النشر — يثبتها المحامي رسميًا","نظام التنفيذ السابق وتعديلاته","نظام التنفيذ المنشور في أم القرى عام 2026","لا قبل ثبوت النفاذ والانطباق؛ جهّز تحديثًا مؤرخًا.","بلوغ تاريخ النفاذ ونشر اللائحة/الأحكام الانتقالية.","2026-09-23","2026-10-15"
"LCM-020","F. نظام جديد منشور ولم يدخل حيز النفاذ","انتقال نظام التنفيذ 2026","R-EXEC-AMEND-AMOUNT | R-EXEC-AMOUNT-CHANGE","2","https://www.moj.gov.sa/ar/eServices/Pages/7b84d5eb-82aa-4b63-b06e-be92c72158ef.aspx","النظام السابق مطبق حتى ثبوت تاريخ نفاذ النظام الجديد وأحكامه الانتقالية.","2026-05-01","بعد 180 يومًا من النشر — يثبتها المحامي رسميًا","نظام التنفيذ السابق وتعديلاته","نظام التنفيذ المنشور في أم القرى عام 2026","لا قبل ثبوت النفاذ والانطباق؛ جهّز تحديثًا مؤرخًا.","بلوغ تاريخ النفاذ ونشر اللائحة/الأحكام الانتقالية.","2026-09-23","2026-10-15"
"LCM-021","F. نظام جديد منشور ولم يدخل حيز النفاذ","انتقال نظام التنفيذ 2026","R-EXEC-ARTICLE34","1","https://www.moj.gov.sa/sites/knowledgebase/Documents02/CRM_CCTS_4fa4ff3f-8f52-43c9-b80c-d214d8b5f79d.pdf","النظام السابق مطبق حتى ثبوت تاريخ نفاذ النظام الجديد وأحكامه الانتقالية.","2026-05-01","بعد 180 يومًا من النشر — يثبتها المحامي رسميًا","نظام التنفيذ السابق وتعديلاته","نظام التنفيذ المنشور في أم القرى عام 2026","لا قبل ثبوت النفاذ والانطباق؛ جهّز تحديثًا مؤرخًا.","بلوغ تاريخ النفاذ ونشر اللائحة/الأحكام الانتقالية.","2026-09-23","2026-10-15"
"LCM-022","F. نظام جديد منشور ولم يدخل حيز النفاذ","انتقال نظام التنفيذ 2026","R-EXEC-DECISION-NOTICE | R-EXEC-INSPECT-ACTION","2","https://www.moj.gov.sa/ar/eServices/Pages/8cc249d5-9f9c-464f-a772-25192e8fdf3b.aspx","النظام السابق مطبق حتى ثبوت تاريخ نفاذ النظام الجديد وأحكامه الانتقالية.","2026-05-01","بعد 180 يومًا من النشر — يثبتها المحامي رسميًا","نظام التنفيذ السابق وتعديلاته","نظام التنفيذ المنشور في أم القرى عام 2026","لا قبل ثبوت النفاذ والانطباق؛ جهّز تحديثًا مؤرخًا.","بلوغ تاريخ النفاذ ونشر اللائحة/الأحكام الانتقالية.","2026-09-23","2026-10-15"
"LCM-023","F. نظام جديد منشور ولم يدخل حيز النفاذ","انتقال نظام التنفيذ 2026","R-EXEC-DIRECT-LAW","1","https://www.moj.gov.sa/Documents/Regulations/pdf/11.pdf","النظام السابق مطبق حتى ثبوت تاريخ نفاذ النظام الجديد وأحكامه الانتقالية.","2026-05-01","بعد 180 يومًا من النشر — يثبتها المحامي رسميًا","نظام التنفيذ السابق وتعديلاته","نظام التنفيذ المنشور في أم القرى عام 2026","لا قبل ثبوت النفاذ والانطباق؛ جهّز تحديثًا مؤرخًا.","بلوغ تاريخ النفاذ ونشر اللائحة/الأحكام الانتقالية.","2026-09-23","2026-10-15"
"LCM-024","F. نظام جديد منشور ولم يدخل حيز النفاذ","انتقال نظام التنفيذ 2026","R-EXEC-END | R-EXEC-NOT-END-ACTION","2","https://www.moj.gov.sa/ar/eServices/Pages/152ff72e-0c8d-42b2-9f16-3f81e5cf38d2.aspx","النظام السابق مطبق حتى ثبوت تاريخ نفاذ النظام الجديد وأحكامه الانتقالية.","2026-05-01","بعد 180 يومًا من النشر — يثبتها المحامي رسميًا","نظام التنفيذ السابق وتعديلاته","نظام التنفيذ المنشور في أم القرى عام 2026","لا قبل ثبوت النفاذ والانطباق؛ جهّز تحديثًا مؤرخًا.","بلوغ تاريخ النفاذ ونشر اللائحة/الأحكام الانتقالية.","2026-09-23","2026-10-15"
"LCM-025","F. نظام جديد منشور ولم يدخل حيز النفاذ","انتقال نظام التنفيذ 2026","R-EXEC-FIN-REPORT","1","https://www.moj.gov.sa/ar/eservices/pages/2200fd6a-d8d2-4583-a843-2d67839f5a1b.aspx","النظام السابق مطبق حتى ثبوت تاريخ نفاذ النظام الجديد وأحكامه الانتقالية.","2026-05-01","بعد 180 يومًا من النشر — يثبتها المحامي رسميًا","نظام التنفيذ السابق وتعديلاته","نظام التنفيذ المنشور في أم القرى عام 2026","لا قبل ثبوت النفاذ والانطباق؛ جهّز تحديثًا مؤرخًا.","بلوغ تاريخ النفاذ ونشر اللائحة/الأحكام الانتقالية.","2026-09-23","2026-10-15"
"LCM-026","F. نظام جديد منشور ولم يدخل حيز النفاذ","انتقال نظام التنفيذ 2026","R-EXEC-GRACE | R-EXEC-WAIT-GRACE","2","https://www.moj.gov.sa/ar/eServices/Pages/a7eef02b-d9ad-4d3f-9ad0-7b9a67399313.aspx","النظام السابق مطبق حتى ثبوت تاريخ نفاذ النظام الجديد وأحكامه الانتقالية.","2026-05-01","بعد 180 يومًا من النشر — يثبتها المحامي رسميًا","نظام التنفيذ السابق وتعديلاته","نظام التنفيذ المنشور في أم القرى عام 2026","لا قبل ثبوت النفاذ والانطباق؛ جهّز تحديثًا مؤرخًا.","بلوغ تاريخ النفاذ ونشر اللائحة/الأحكام الانتقالية.","2026-09-23","2026-10-15"
"LCM-027","F. نظام جديد منشور ولم يدخل حيز النفاذ","انتقال نظام التنفيذ 2026","R-EXEC-ISSUE34","1","https://www.moj.gov.sa/sites/knowledgebase/Documents02/CRM_CCTS_16a50df1-aa16-4f77-a61f-c11f5e459fba.pdf","النظام السابق مطبق حتى ثبوت تاريخ نفاذ النظام الجديد وأحكامه الانتقالية.","2026-05-01","بعد 180 يومًا من النشر — يثبتها المحامي رسميًا","نظام التنفيذ السابق وتعديلاته","نظام التنفيذ المنشور في أم القرى عام 2026","لا قبل ثبوت النفاذ والانطباق؛ جهّز تحديثًا مؤرخًا.","بلوغ تاريخ النفاذ ونشر اللائحة/الأحكام الانتقالية.","2026-09-23","2026-10-15"
"LCM-028","F. نظام جديد منشور ولم يدخل حيز النفاذ","انتقال نظام التنفيذ 2026","R-EXEC-ISSUE46","1","https://www.moj.gov.sa/sites/knowledgebase/Documents02/CRM_CCTS_1d8a2b5c-38fc-43fa-ad27-0c4a8aac7e07.pdf","النظام السابق مطبق حتى ثبوت تاريخ نفاذ النظام الجديد وأحكامه الانتقالية.","2026-05-01","بعد 180 يومًا من النشر — يثبتها المحامي رسميًا","نظام التنفيذ السابق وتعديلاته","نظام التنفيذ المنشور في أم القرى عام 2026","لا قبل ثبوت النفاذ والانطباق؛ جهّز تحديثًا مؤرخًا.","بلوغ تاريخ النفاذ ونشر اللائحة/الأحكام الانتقالية.","2026-09-23","2026-10-15"
"LCM-029","F. نظام جديد منشور ولم يدخل حيز النفاذ","انتقال نظام التنفيذ 2026","R-EXEC-LEGAL-REP","1","https://www.moj.gov.sa/ar/eServices/pages/477600c3-653d-42c7-b6ae-ac5484952123.aspx","النظام السابق مطبق حتى ثبوت تاريخ نفاذ النظام الجديد وأحكامه الانتقالية.","2026-05-01","بعد 180 يومًا من النشر — يثبتها المحامي رسميًا","نظام التنفيذ السابق وتعديلاته","نظام التنفيذ المنشور في أم القرى عام 2026","لا قبل ثبوت النفاذ والانطباق؛ جهّز تحديثًا مؤرخًا.","بلوغ تاريخ النفاذ ونشر اللائحة/الأحكام الانتقالية.","2026-09-23","2026-10-15"
"LCM-030","F. نظام جديد منشور ولم يدخل حيز النفاذ","انتقال نظام التنفيذ 2026","R-EXEC-PARTIAL-PAYMENT | R-EXEC-PROOF-PAYMENT","2","https://www.moj.gov.sa/ar/eServices/pages/0fabf9ed-05ba-497e-9e4e-1e227103fc00.aspx","النظام السابق مطبق حتى ثبوت تاريخ نفاذ النظام الجديد وأحكامه الانتقالية.","2026-05-01","بعد 180 يومًا من النشر — يثبتها المحامي رسميًا","نظام التنفيذ السابق وتعديلاته","نظام التنفيذ المنشور في أم القرى عام 2026","لا قبل ثبوت النفاذ والانطباق؛ جهّز تحديثًا مؤرخًا.","بلوغ تاريخ النفاذ ونشر اللائحة/الأحكام الانتقالية.","2026-09-23","2026-10-15"
"LCM-031","F. نظام جديد منشور ولم يدخل حيز النفاذ","انتقال نظام التنفيذ 2026","R-EXEC-PERSONAL-FINANCIAL | R-FAM-MAINT-DEDUCTION","2","https://www.moj.gov.sa/ar/eServices/pages/0756dde6-14de-481a-a6e6-ec9bd642b284.aspx","النظام السابق مطبق حتى ثبوت تاريخ نفاذ النظام الجديد وأحكامه الانتقالية.","2026-05-01","بعد 180 يومًا من النشر — يثبتها المحامي رسميًا","نظام التنفيذ السابق وتعديلاته","نظام التنفيذ المنشور في أم القرى عام 2026","لا قبل ثبوت النفاذ والانطباق؛ جهّز تحديثًا مؤرخًا.","بلوغ تاريخ النفاذ ونشر اللائحة/الأحكام الانتقالية.","2026-09-23","2026-10-15"
"LCM-032","F. نظام جديد منشور ولم يدخل حيز النفاذ","انتقال نظام التنفيذ 2026","R-EXEC-QUERY | R-EXEC-STATUS-CHECK | R-EXECUTION-ROUTE-CHECK | R-MONEY-DEBTOR-STATUS","4","https://www.moj.gov.sa/ar/eServices/pages/9bd2e276-3110-4e32-a00e-330de0fec9a4.aspx","النظام السابق مطبق حتى ثبوت تاريخ نفاذ النظام الجديد وأحكامه الانتقالية.","2026-05-01","بعد 180 يومًا من النشر — يثبتها المحامي رسميًا","نظام التنفيذ السابق وتعديلاته","نظام التنفيذ المنشور في أم القرى عام 2026","لا قبل ثبوت النفاذ والانطباق؛ جهّز تحديثًا مؤرخًا.","بلوغ تاريخ النفاذ ونشر اللائحة/الأحكام الانتقالية.","2026-09-23","2026-10-15"
"LCM-033","F. نظام جديد منشور ولم يدخل حيز النفاذ","انتقال نظام التنفيذ 2026","R-EXEC-REACTIVATE","1","https://www.moj.gov.sa/ar/eServices/Pages/42bc9d16-70e4-43ad-bb8d-0a8e156ffb72.aspx","النظام السابق مطبق حتى ثبوت تاريخ نفاذ النظام الجديد وأحكامه الانتقالية.","2026-05-01","بعد 180 يومًا من النشر — يثبتها المحامي رسميًا","نظام التنفيذ السابق وتعديلاته","نظام التنفيذ المنشور في أم القرى عام 2026","لا قبل ثبوت النفاذ والانطباق؛ جهّز تحديثًا مؤرخًا.","بلوغ تاريخ النفاذ ونشر اللائحة/الأحكام الانتقالية.","2026-09-23","2026-10-15"
"LCM-034","F. نظام جديد منشور ولم يدخل حيز النفاذ","انتقال نظام التنفيذ 2026","R-EXEC-TRANSFER-SEIZED","1","https://www.moj.gov.sa/ar/eServices/Pages/9bc63703-4291-4cc6-9615-ac15a3cfce36.aspx","النظام السابق مطبق حتى ثبوت تاريخ نفاذ النظام الجديد وأحكامه الانتقالية.","2026-05-01","بعد 180 يومًا من النشر — يثبتها المحامي رسميًا","نظام التنفيذ السابق وتعديلاته","نظام التنفيذ المنشور في أم القرى عام 2026","لا قبل ثبوت النفاذ والانطباق؛ جهّز تحديثًا مؤرخًا.","بلوغ تاريخ النفاذ ونشر اللائحة/الأحكام الانتقالية.","2026-09-23","2026-10-15"
"LCM-035","F. نظام جديد منشور ولم يدخل حيز النفاذ","انتقال نظام التنفيذ 2026","R-JUDGMENT-NO-EXEC","1","https://www.moj.gov.sa/ar/Ministry/Pages/CaseTripInMOJ.aspx","النظام السابق مطبق حتى ثبوت تاريخ نفاذ النظام الجديد وأحكامه الانتقالية.","2026-05-01","بعد 180 يومًا من النشر — يثبتها المحامي رسميًا","نظام التنفيذ السابق وتعديلاته","نظام التنفيذ المنشور في أم القرى عام 2026","لا قبل ثبوت النفاذ والانطباق؛ جهّز تحديثًا مؤرخًا.","بلوغ تاريخ النفاذ ونشر اللائحة/الأحكام الانتقالية.","2026-09-23","2026-10-15"
"LCM-036","F. نظام جديد منشور ولم يدخل حيز النفاذ","انتقال نظام التنفيذ 2026","R-LABOR-WAGE-DIRECT-EXEC","1","https://www.hrsd.gov.sa/ministry-services/services/269970","النظام السابق مطبق حتى ثبوت تاريخ نفاذ النظام الجديد وأحكامه الانتقالية.","2026-05-01","بعد 180 يومًا من النشر — يثبتها المحامي رسميًا","نظام التنفيذ السابق وتعديلاته","نظام التنفيذ المنشور في أم القرى عام 2026","لا قبل ثبوت النفاذ والانطباق؛ جهّز تحديثًا مؤرخًا.","بلوغ تاريخ النفاذ ونشر اللائحة/الأحكام الانتقالية.","2026-09-23","2026-10-15"
"LCM-037","F. نظام جديد منشور ولم يدخل حيز النفاذ","انتقال نظام التنفيذ 2026","R-LAWYER-JUDGMENT-STRATEGY","1","https://www.moj.gov.sa/ar/eServices/Pages/cba332a0-28b8-4ce0-ab00-ef4ddeb9ab64.aspx","النظام السابق مطبق حتى ثبوت تاريخ نفاذ النظام الجديد وأحكامه الانتقالية.","2026-05-01","بعد 180 يومًا من النشر — يثبتها المحامي رسميًا","نظام التنفيذ السابق وتعديلاته","نظام التنفيذ المنشور في أم القرى عام 2026","لا قبل ثبوت النفاذ والانطباق؛ جهّز تحديثًا مؤرخًا.","بلوغ تاريخ النفاذ ونشر اللائحة/الأحكام الانتقالية.","2026-09-23","2026-10-15"
"LCM-038","F. نظام جديد منشور ولم يدخل حيز النفاذ","انتقال نظام التنفيذ 2026","R-PROC-RECONSIDERATION-STAY","1","https://www.moj.gov.sa/ar/eServices/pages/34a53f98-57e0-4f8b-9bad-78a095ebae4b.aspx","النظام السابق مطبق حتى ثبوت تاريخ نفاذ النظام الجديد وأحكامه الانتقالية.","2026-05-01","بعد 180 يومًا من النشر — يثبتها المحامي رسميًا","نظام التنفيذ السابق وتعديلاته","نظام التنفيذ المنشور في أم القرى عام 2026","لا قبل ثبوت النفاذ والانطباق؛ جهّز تحديثًا مؤرخًا.","بلوغ تاريخ النفاذ ونشر اللائحة/الأحكام الانتقالية.","2026-09-23","2026-10-15"
"LCM-039","F. نظام جديد منشور ولم يدخل حيز النفاذ","انتقال نظام التنفيذ 2026","R-FAM-CUSTODY-DEEP | R-FAM-MAHR-DEBT | R-FAM-WILL-AFTER-DEBTS | R-FAM-WILL-MULTIPLE | R-FAM-WILL-VALIDITY","5","https://laws.boe.gov.sa/BoeLaws/Laws/LawDetails/4d72d829-947b-45d5-b9b5-ae5800d6bac2/1","النظام السابق مطبق حتى ثبوت تاريخ نفاذ النظام الجديد وأحكامه الانتقالية.","2026-05-01","بعد 180 يومًا من النشر — يثبتها المحامي رسميًا","نظام التنفيذ السابق وتعديلاته","نظام التنفيذ المنشور في أم القرى عام 2026","لا قبل ثبوت النفاذ والانطباق؛ جهّز تحديثًا مؤرخًا.","بلوغ تاريخ النفاذ ونشر اللائحة/الأحكام الانتقالية.","2026-09-23","2026-10-15"
"LCM-040","F. نظام جديد منشور ولم يدخل حيز النفاذ","انتقال نظام التنفيذ 2026","R-FAM-CUSTODY-VISIT-RIGHT","1","https://laws.boe.gov.sa/BoeLaws/Laws/LawDetails/4d72d829-947b-45d5-b9b5-ae5800d6bac2/1","النظام السابق مطبق حتى ثبوت تاريخ نفاذ النظام الجديد وأحكامه الانتقالية.","2026-05-01","بعد 180 يومًا من النشر — يثبتها المحامي رسميًا","نظام التنفيذ السابق وتعديلاته","نظام التنفيذ المنشور في أم القرى عام 2026","لا قبل ثبوت النفاذ والانطباق؛ جهّز تحديثًا مؤرخًا.","بلوغ تاريخ النفاذ ونشر اللائحة/الأحكام الانتقالية.","2026-09-23","2026-10-15"
"LCM-041","F. نظام جديد منشور ولم يدخل حيز النفاذ","انتقال نظام التنفيذ 2026","R-FAM-DECISION-CUSTODY | R-FAM-VISIT-LETTER","2","https://www.moj.gov.sa/ar/Ministry/Pages/SLA.aspx","النظام السابق مطبق حتى ثبوت تاريخ نفاذ النظام الجديد وأحكامه الانتقالية.","2026-05-01","بعد 180 يومًا من النشر — يثبتها المحامي رسميًا","نظام التنفيذ السابق وتعديلاته","نظام التنفيذ المنشور في أم القرى عام 2026","لا قبل ثبوت النفاذ والانطباق؛ جهّز تحديثًا مؤرخًا.","بلوغ تاريخ النفاذ ونشر اللائحة/الأحكام الانتقالية.","2026-09-23","2026-10-15"
"LCM-042","F. نظام جديد منشور ولم يدخل حيز النفاذ","انتقال نظام التنفيذ 2026","R-FAM-DECISION-VISIT","1","https://www.moj.gov.sa/sites/knowledgebase/Documents02/CRM_CCTS_c5ab2283-5d8f-4b19-8dfc-25784000f01a.pdf","النظام السابق مطبق حتى ثبوت تاريخ نفاذ النظام الجديد وأحكامه الانتقالية.","2026-05-01","بعد 180 يومًا من النشر — يثبتها المحامي رسميًا","نظام التنفيذ السابق وتعديلاته","نظام التنفيذ المنشور في أم القرى عام 2026","لا قبل ثبوت النفاذ والانطباق؛ جهّز تحديثًا مؤرخًا.","بلوغ تاريخ النفاذ ونشر اللائحة/الأحكام الانتقالية.","2026-09-23","2026-10-15"
"LCM-043","F. نظام جديد منشور ولم يدخل حيز النفاذ","انتقال نظام التنفيذ 2026","R-FAM-MAINT-ARREARS","1","https://moj.gov.sa/ar/eServices/Pages/928b8f02-19a7-482b-ba0e-29a151d9a900.aspx","النظام السابق مطبق حتى ثبوت تاريخ نفاذ النظام الجديد وأحكامه الانتقالية.","2026-05-01","بعد 180 يومًا من النشر — يثبتها المحامي رسميًا","نظام التنفيذ السابق وتعديلاته","نظام التنفيذ المنشور في أم القرى عام 2026","لا قبل ثبوت النفاذ والانطباق؛ جهّز تحديثًا مؤرخًا.","بلوغ تاريخ النفاذ ونشر اللائحة/الأحكام الانتقالية.","2026-09-23","2026-10-15"
"LCM-044","F. نظام جديد منشور ولم يدخل حيز النفاذ","انتقال نظام التنفيذ 2026","R-FAM-NAFAQA-CHILD | R-FAM-NAFAQA-WIFE","2","https://laws.boe.gov.sa/Files/Download/?attId=e1b4e2e3-46b5-4659-a8f1-b11600da934a","النظام السابق مطبق حتى ثبوت تاريخ نفاذ النظام الجديد وأحكامه الانتقالية.","2026-05-01","بعد 180 يومًا من النشر — يثبتها المحامي رسميًا","نظام التنفيذ السابق وتعديلاته","نظام التنفيذ المنشور في أم القرى عام 2026","لا قبل ثبوت النفاذ والانطباق؛ جهّز تحديثًا مؤرخًا.","بلوغ تاريخ النفاذ ونشر اللائحة/الأحكام الانتقالية.","2026-09-23","2026-10-15"
"LCM-045","F. نظام جديد منشور ولم يدخل حيز النفاذ","انتقال نظام التنفيذ 2026","R-FAM-SHAML","1","https://moj.gov.sa/ar/Ministry/WeCare/Pages/ChildAndFamilyRights.aspx","النظام السابق مطبق حتى ثبوت تاريخ نفاذ النظام الجديد وأحكامه الانتقالية.","2026-05-01","بعد 180 يومًا من النشر — يثبتها المحامي رسميًا","نظام التنفيذ السابق وتعديلاته","نظام التنفيذ المنشور في أم القرى عام 2026","لا قبل ثبوت النفاذ والانطباق؛ جهّز تحديثًا مؤرخًا.","بلوغ تاريخ النفاذ ونشر اللائحة/الأحكام الانتقالية.","2026-09-23","2026-10-15"
"LCM-046","F. نظام جديد منشور ولم يدخل حيز النفاذ","انتقال نظام التنفيذ 2026","R-FAM-VISIT-OBSTRUCTION","1","https://www.moj.gov.sa/ar/eServices/pages/d5e26711-4105-4ad9-8cd8-bc6d66242591.aspx","النظام السابق مطبق حتى ثبوت تاريخ نفاذ النظام الجديد وأحكامه الانتقالية.","2026-05-01","بعد 180 يومًا من النشر — يثبتها المحامي رسميًا","نظام التنفيذ السابق وتعديلاته","نظام التنفيذ المنشور في أم القرى عام 2026","لا قبل ثبوت النفاذ والانطباق؛ جهّز تحديثًا مؤرخًا.","بلوغ تاريخ النفاذ ونشر اللائحة/الأحكام الانتقالية.","2026-09-23","2026-10-15"
"LCM-047","F. نظام جديد منشور ولم يدخل حيز النفاذ","انتقال نظام التنفيذ 2026","R-SP-FINANCE-COMMITTEE","1","https://rulebook.sama.gov.sa/ar/المادة-الثالثة-عشرة-13","النظام السابق مطبق حتى ثبوت تاريخ نفاذ النظام الجديد وأحكامه الانتقالية.","2026-05-01","بعد 180 يومًا من النشر — يثبتها المحامي رسميًا","نظام التنفيذ السابق وتعديلاته","نظام التنفيذ المنشور في أم القرى عام 2026","لا قبل ثبوت النفاذ والانطباق؛ جهّز تحديثًا مؤرخًا.","بلوغ تاريخ النفاذ ونشر اللائحة/الأحكام الانتقالية.","2026-09-23","2026-10-15"
"LCM-048","F. نظام جديد منشور ولم يدخل حيز النفاذ","انتقال نظام التنفيذ 2026","R-SP-ZATCA-WAIT","1","https://zatca.gov.sa/ar/eServices/Pages/eServices-021.aspx","النظام السابق مطبق حتى ثبوت تاريخ نفاذ النظام الجديد وأحكامه الانتقالية.","2026-05-01","بعد 180 يومًا من النشر — يثبتها المحامي رسميًا","نظام التنفيذ السابق وتعديلاته","نظام التنفيذ المنشور في أم القرى عام 2026","لا قبل ثبوت النفاذ والانطباق؛ جهّز تحديثًا مؤرخًا.","بلوغ تاريخ النفاذ ونشر اللائحة/الأحكام الانتقالية.","2026-09-23","2026-10-15"
"LCM-049","F. نظام جديد منشور ولم يدخل حيز النفاذ","انتقال نظام التنفيذ 2026","R-CIVIL-LEASE-DAMAGE | R-CIVIL-LEASE-DELIVERY | R-CIVIL-LEASE-END | R-CIVIL-LEASE-HOLDOVER | R-CIVIL-LEASE-RENT | R-CIVIL-LEASE-SUBLEASE | R-CIVIL-LEASE-TENANT-DAMAGE | R-CIVIL-GIFT-CONDITION | R-CIVIL-GIFT-FORMALITY | R-CIVIL-GIFT-NONOWNER | R-CIVIL-GIFT-REVOCATION | R-CIVIL-LOAN-EQUIVALENT | R-CIVIL-LOAN-NO-TERM | R-CIVIL-RESCISSION-BREACH | R-CIVIL-SETTLEMENT-DEBT | R-CIVIL-SETTLEMENT-EFFECT | R-CIVIL-SETTLEMENT-UNKNOWN | R-CIVIL-CONTRACTOR-DELAY | R-CIVIL-CREDITOR-REFUSAL | R-CIVIL-GUARANTEE-CLAIM | R-CIVIL-GUARANTEE-END | R-CIVIL-GUARANTEE-RECOURSE | R-CIVIL-GUARANTEE-SECURITY-FIRST | R-CIVIL-LOAN-REPAY | R-CIVIL-SALE-EVICTION | R-CIVIL-SPECIFIC-PERFORMANCE | R-MOVABLE-CONTRACT-CLAIM","27","https://laws.boe.gov.sa/BoeLaws/Laws/LawDetails/655fdb42-8c96-422b-b8c4-b04f0095c94c/1","النظام السابق مطبق حتى ثبوت تاريخ نفاذ النظام الجديد وأحكامه الانتقالية.","2026-05-01","بعد 180 يومًا من النشر — يثبتها المحامي رسميًا","نظام التنفيذ السابق وتعديلاته","نظام التنفيذ المنشور في أم القرى عام 2026","لا قبل ثبوت النفاذ والانطباق؛ جهّز تحديثًا مؤرخًا.","بلوغ تاريخ النفاذ ونشر اللائحة/الأحكام الانتقالية.","2026-09-23","2026-10-15"
"LCM-050","F. نظام جديد منشور ولم يدخل حيز النفاذ","انتقال نظام التنفيذ 2026","R-MUN-COMMITTEE-JUDICIAL","1","https://laws.boe.gov.sa/BoeLaws/Laws/LawDetails/1dd4c3d4-f4e9-4c15-852f-a9a700f21cab/1","النظام السابق مطبق حتى ثبوت تاريخ نفاذ النظام الجديد وأحكامه الانتقالية.","2026-05-01","بعد 180 يومًا من النشر — يثبتها المحامي رسميًا","نظام التنفيذ السابق وتعديلاته","نظام التنفيذ المنشور في أم القرى عام 2026","لا قبل ثبوت النفاذ والانطباق؛ جهّز تحديثًا مؤرخًا.","بلوغ تاريخ النفاذ ونشر اللائحة/الأحكام الانتقالية.","2026-09-23","2026-10-15"
"LCM-051","F. نظام جديد منشور ولم يدخل حيز النفاذ","انتقال نظام التنفيذ 2026","R-SP-BANK-ACCOUNT-OPEN-CLOSE","1","https://rulebook.sama.gov.sa/ar/entiresection/5847","النظام السابق مطبق حتى ثبوت تاريخ نفاذ النظام الجديد وأحكامه الانتقالية.","2026-05-01","بعد 180 يومًا من النشر — يثبتها المحامي رسميًا","نظام التنفيذ السابق وتعديلاته","نظام التنفيذ المنشور في أم القرى عام 2026","لا قبل ثبوت النفاذ والانطباق؛ جهّز تحديثًا مؤرخًا.","بلوغ تاريخ النفاذ ونشر اللائحة/الأحكام الانتقالية.","2026-09-23","2026-10-15"
"LCM-052","F. نظام جديد منشور ولم يدخل حيز النفاذ","انتقال نظام التنفيذ 2026","R-SP-HEALTH-INS-DENIAL","1","https://www.chi.gov.sa/ServicesDirectory/Pages/ComplaintAgaistICFIC.aspx","النظام السابق مطبق حتى ثبوت تاريخ نفاذ النظام الجديد وأحكامه الانتقالية.","2026-05-01","بعد 180 يومًا من النشر — يثبتها المحامي رسميًا","نظام التنفيذ السابق وتعديلاته","نظام التنفيذ المنشور في أم القرى عام 2026","لا قبل ثبوت النفاذ والانطباق؛ جهّز تحديثًا مؤرخًا.","بلوغ تاريخ النفاذ ونشر اللائحة/الأحكام الانتقالية.","2026-09-23","2026-10-15"
"LCM-053","F. نظام جديد منشور ولم يدخل حيز النفاذ","انتقال نظام التنفيذ 2026","R-GOSI-CONTRIBUTION","1","https://www.gosi.gov.sa/","النظام السابق مطبق حتى ثبوت تاريخ نفاذ النظام الجديد وأحكامه الانتقالية.","2026-05-01","بعد 180 يومًا من النشر — يثبتها المحامي رسميًا","نظام التنفيذ السابق وتعديلاته","نظام التنفيذ المنشور في أم القرى عام 2026","لا قبل ثبوت النفاذ والانطباق؛ جهّز تحديثًا مؤرخًا.","بلوغ تاريخ النفاذ ونشر اللائحة/الأحكام الانتقالية.","2026-09-23","2026-10-15"
"LCM-054","F. نظام جديد منشور ولم يدخل حيز النفاذ","انتقال نظام التنفيذ 2026","R-GOSI-REVIEW-IND","1","https://beta.gosi.gov.sa/ar/services/individual-services/Review_Decision1","النظام السابق مطبق حتى ثبوت تاريخ نفاذ النظام الجديد وأحكامه الانتقالية.","2026-05-01","بعد 180 يومًا من النشر — يثبتها المحامي رسميًا","نظام التنفيذ السابق وتعديلاته","نظام التنفيذ المنشور في أم القرى عام 2026","لا قبل ثبوت النفاذ والانطباق؛ جهّز تحديثًا مؤرخًا.","بلوغ تاريخ النفاذ ونشر اللائحة/الأحكام الانتقالية.","2026-09-23","2026-10-15"
"LCM-055","F. نظام جديد منشور ولم يدخل حيز النفاذ","انتقال نظام التنفيذ 2026","R-CONTRACTING-CIVIL-COURT | R-SALE-CHECK-CASE-STAGE","2","https://moj.gov.sa/ar/Ministry/Courts/Pages/FirstCourts.aspx","النظام السابق مطبق حتى ثبوت تاريخ نفاذ النظام الجديد وأحكامه الانتقالية.","2026-05-01","بعد 180 يومًا من النشر — يثبتها المحامي رسميًا","نظام التنفيذ السابق وتعديلاته","نظام التنفيذ المنشور في أم القرى عام 2026","لا قبل ثبوت النفاذ والانطباق؛ جهّز تحديثًا مؤرخًا.","بلوغ تاريخ النفاذ ونشر اللائحة/الأحكام الانتقالية.","2026-09-23","2026-10-15"
"LCM-056","F. نظام جديد منشور ولم يدخل حيز النفاذ","انتقال نظام التنفيذ 2026","R-SP-ECOM-DELAY","1","https://mc.gov.sa/ar/ecc/pages/default.aspx","النظام السابق مطبق حتى ثبوت تاريخ نفاذ النظام الجديد وأحكامه الانتقالية.","2026-05-01","بعد 180 يومًا من النشر — يثبتها المحامي رسميًا","نظام التنفيذ السابق وتعديلاته","نظام التنفيذ المنشور في أم القرى عام 2026","لا قبل ثبوت النفاذ والانطباق؛ جهّز تحديثًا مؤرخًا.","بلوغ تاريخ النفاذ ونشر اللائحة/الأحكام الانتقالية.","2026-09-23","2026-10-15"
"LCM-057","F. نظام جديد منشور ولم يدخل حيز النفاذ","انتقال نظام التنفيذ 2026","R-CIVIL-SALE-DELIVERY | R-CIVIL-SALE-PRICE","2","https://www.moj.gov.sa/ar/eservices/pages/928b8f02-19a7-482b-ba0e-29a151d9a900.aspx","النظام السابق مطبق حتى ثبوت تاريخ نفاذ النظام الجديد وأحكامه الانتقالية.","2026-05-01","بعد 180 يومًا من النشر — يثبتها المحامي رسميًا","نظام التنفيذ السابق وتعديلاته","نظام التنفيذ المنشور في أم القرى عام 2026","لا قبل ثبوت النفاذ والانطباق؛ جهّز تحديثًا مؤرخًا.","بلوغ تاريخ النفاذ ونشر اللائحة/الأحكام الانتقالية.","2026-09-23","2026-10-15"
"LCM-058","F. نظام جديد منشور ولم يدخل حيز النفاذ","انتقال نظام التنفيذ 2026","R-LEGAL-FEES-AGREEMENT | R-LEGAL-FEES-ESTIMATE","2","https://laws.boe.gov.sa/BoeLaws/Laws/LawDetails/f42655be-79b0-4fd4-bb90-a9a700f26a3e/1","النظام السابق مطبق حتى ثبوت تاريخ نفاذ النظام الجديد وأحكامه الانتقالية.","2026-05-01","بعد 180 يومًا من النشر — يثبتها المحامي رسميًا","نظام التنفيذ السابق وتعديلاته","نظام التنفيذ المنشور في أم القرى عام 2026","لا قبل ثبوت النفاذ والانطباق؛ جهّز تحديثًا مؤرخًا.","بلوغ تاريخ النفاذ ونشر اللائحة/الأحكام الانتقالية.","2026-09-23","2026-10-15"
"LCM-059","F. نظام جديد منشور ولم يدخل حيز النفاذ","انتقال نظام التنفيذ 2026","R-QIWA-TRANSFER","1","https://www.hrsd.gov.sa/ministry-services/services/نقل-الموظفين","النظام السابق مطبق حتى ثبوت تاريخ نفاذ النظام الجديد وأحكامه الانتقالية.","2026-05-01","بعد 180 يومًا من النشر — يثبتها المحامي رسميًا","نظام التنفيذ السابق وتعديلاته","نظام التنفيذ المنشور في أم القرى عام 2026","لا قبل ثبوت النفاذ والانطباق؛ جهّز تحديثًا مؤرخًا.","بلوغ تاريخ النفاذ ونشر اللائحة/الأحكام الانتقالية.","2026-09-23","2026-10-15"
"LCM-060","F. نظام جديد منشور ولم يدخل حيز النفاذ","انتقال نظام التنفيذ 2026","R-SP-GSTC-CHECK | R-SP-GSTC-ESCALATE","2","https://zatca.gov.sa/ar/eServices/Pages/eServices-028.aspx","النظام السابق مطبق حتى ثبوت تاريخ نفاذ النظام الجديد وأحكامه الانتقالية.","2026-05-01","بعد 180 يومًا من النشر — يثبتها المحامي رسميًا","نظام التنفيذ السابق وتعديلاته","نظام التنفيذ المنشور في أم القرى عام 2026","لا قبل ثبوت النفاذ والانطباق؛ جهّز تحديثًا مؤرخًا.","بلوغ تاريخ النفاذ ونشر اللائحة/الأحكام الانتقالية.","2026-09-23","2026-10-15"
"LCM-061","F. نظام جديد منشور ولم يدخل حيز النفاذ","انتقال نظام التنفيذ 2026","R-UNI-DECISION-REVIEW","1","https://www.moe.gov.sa/ar/contactus/Pages/Tawasul.aspx","النظام السابق مطبق حتى ثبوت تاريخ نفاذ النظام الجديد وأحكامه الانتقالية.","2026-05-01","بعد 180 يومًا من النشر — يثبتها المحامي رسميًا","نظام التنفيذ السابق وتعديلاته","نظام التنفيذ المنشور في أم القرى عام 2026","لا قبل ثبوت النفاذ والانطباق؛ جهّز تحديثًا مؤرخًا.","بلوغ تاريخ النفاذ ونشر اللائحة/الأحكام الانتقالية.","2026-09-23","2026-10-15"