Source ID,Title,Authority,URL,Usage Status,Used by Results,Disposition
"SRC-ABSHER-CIVIL-SERVICES","خدمات الأحوال المدنية الإلكترونية","منصة أبشر — وزارة الداخلية","https://www.absher.sa/","UNUSED / RESERVED","0","Retained; not presented by any current Result"
"SRC-ABSHER-NATIONAL-ID","خدمات الهوية الوطنية — تجديد وبدل فاقد وبدل تالف","منصة أبشر","https://www.absher.sa/wps/portal/individuals/static/NewServices/","UNUSED / RESERVED","0","Retained; not presented by any current Result"
"SRC-BOE-ARBITRATION","نظام التحكيم","هيئة الخبراء بمجلس الوزراء","https://laws.boe.gov.sa/BoeLaws/Laws/LawDetails/5535039e-13da-43f6-8f53-a9a700f26485/1","UNUSED / RESERVED","0","Retained; not presented by any current Result"
"SRC-BOE-BANKRUPTCY","نظام الإفلاس","هيئة الخبراء بمجلس الوزراء","https://laws.boe.gov.sa/BoeLaws/Laws/LawDetails/68204119-84f1-4789-8fad-a9ec014c3788/1","UNUSED / RESERVED","0","Retained; not presented by any current Result"
"SRC-BOE-CIVIL-PROCEDURE","نظام المرافعات الشرعية","هيئة الخبراء بمجلس الوزراء","https://laws.boe.gov.sa/BoeLaws/Laws/LawDetails/f0eaae46-9f84-40ee-815e-a9a700f268b3/1","UNUSED / RESERVED","0","Retained; not presented by any current Result"
"SRC-BOE-COMMERCIAL-COURTS","نظام المحاكم التجارية","هيئة الخبراء بمجلس الوزراء","https://laws.boe.gov.sa/BoeLaws/Laws/LawDetails/38334008-3b70-4c6c-b3af-aba3016a8061/1","UNUSED / RESERVED","0","Retained; not presented by any current Result"
"SRC-BOE-COMMERCIAL-PAPERS","نظام الأوراق التجارية","هيئة الخبراء بمجلس الوزراء","https://laws.boe.gov.sa/BoeLaws/Laws/LawDetails/4763eb94-047b-46f1-9697-a9a700f1b7ed/1","UNUSED / RESERVED","0","Retained; not presented by any current Result"
"SRC-BOE-CRIM-PROC","نظام الإجراءات الجزائية","هيئة الخبراء بمجلس الوزراء","https://laws.boe.gov.sa/BoeLaws/Laws/LawDetails/8f1b7079-a5f0-425d-b5e0-a9a700f26b2d/1","UNUSED / RESERVED","0","Retained; not presented by any current Result"
"SRC-BOE-CRIM-REG","اللائحة التنفيذية لنظام الإجراءات الجزائية","هيئة الخبراء بمجلس الوزراء","https://laws.boe.gov.sa/BoeLaws/Laws/LawDetails/9a0249b7-f835-48fa-8d1e-a9a700f1981a/1","UNUSED / RESERVED","0","Retained; not presented by any current Result"
"SRC-BOE-ENFORCEMENT-LAW","نظام التنفيذ","هيئة الخبراء بمجلس الوزراء","https://laws.boe.gov.sa/BoeLaws/Laws/LawDetails/c81ba2f1-1bf1-443b-9b1c-a9a700f27110/1","UNUSED / RESERVED","0","Retained; not presented by any current Result"
"SRC-BOE-EVIDENCE","نظام الإثبات","هيئة الخبراء بمجلس الوزراء","https://laws.boe.gov.sa/BoeLaws/Laws/LawDetails/2716057c-c097-4bad-8e1e-ae1400c678d5/1","UNUSED / RESERVED","0","Retained; not presented by any current Result"
"SRC-BOE-JUDICIAL-COSTS","نظام التكاليف القضائية","هيئة الخبراء بمجلس الوزراء","https://laws.boe.gov.sa/BoeLaws/Laws/LawDetails/3e368087-7b31-46e7-8005-ada100b8f703/1","UNUSED / RESERVED","0","Retained; not presented by any current Result"
"SRC-BOE-JUDICIARY","نظام القضاء","هيئة الخبراء بمجلس الوزراء","https://laws.boe.gov.sa/BoeLaws/Laws/LawDetails/ea1765a3-dec3-41a0-a32f-a9a700f26d58/1","UNUSED / RESERVED","0","Retained; not presented by any current Result"
"SRC-BOE-LABOR-LAW","نظام العمل","هيئة الخبراء بمجلس الوزراء","https://laws.boe.gov.sa/BoeLaws/Laws/LawDetails/08381293-6388-48e2-8ad2-a9a700f2aa94/1","UNUSED / RESERVED","0","Retained; not presented by any current Result"
"SRC-BOE-PLEADINGS","نظام المرافعات الشرعية","هيئة الخبراء بمجلس الوزراء","https://laws.boe.gov.sa/BoeLaws/Laws/LawDetails/f0eaae46-9f84-40ee-815e-a9a700f268b3/1","UNUSED / RESERVED","0","Retained; not presented by any current Result"
"SRC-BOE-REAL-ESTATE-BROKERAGE","نظام الوساطة العقارية","الهيئة العامة للعقار","https://rega.gov.sa/الأنظمة-والقرارات/الأنظمة-واللوائح-والأدلة/الأنظمة/نظام-الوساطة-العقارية/","UNUSED / RESERVED","0","Retained; not presented by any current Result"
"SRC-BOE-SHARIA-PLEADINGS","نظام المرافعات الشرعية","هيئة الخبراء بمجلس الوزراء","https://laws.boe.gov.sa/BoeLaws/Laws/LawDetails/f0eaae46-9f84-40ee-815e-a9a700f268b3/1","UNUSED / RESERVED","0","Retained; not presented by any current Result"
"SRC-BOG-APPEAL-CURRENT","طلب استئناف — منصة معين الرقمية","ديوان المظالم","https://www.bog.gov.sa/EServices/Pages/file-appeal.aspx","UNUSED / RESERVED","0","Retained; not presented by any current Result"
"SRC-BOG-JUDICIAL-REQUESTS","تقديم الطلبات القضائية","ديوان المظالم","https://www.bog.gov.sa/EServices/Pages/submit-judicial-requests.aspx","UNUSED / RESERVED","0","Retained; not presented by any current Result"
"SRC-BOG-PLATFORMS","المنصات القضائية الرقمية","ديوان المظالم","https://www.bog.gov.sa/EServices/Pages/platform.aspx","UNUSED / RESERVED","0","Retained; not presented by any current Result"
"SRC-BOG-SUPREME-OBJECTION","طلب اعتراض أمام المحكمة الإدارية العليا","ديوان المظالم","https://www.bog.gov.sa/EServices/Pages/file-objection-supreme-court.aspx","UNUSED / RESERVED","0","Retained; not presented by any current Result"
"SRC-BULK-BOE_CPL","مصدر رسمي للتدقيق الشامل","جهة حكومية سعودية رسمية","https://laws.boe.gov.sa/BoeLaws/Laws/LawDetails/f0eaae46-9f84-40ee-815e-a9a700f268b3/1","UNUSED / RESERVED","0","Retained; not presented by any current Result"
"SRC-CIV-CLAIM","صحيفة دعوى","وزارة العدل","https://moj.gov.sa/ar/eServices/Pages/928b8f02-19a7-482b-ba0e-29a151d9a900.aspx","UNUSED / RESERVED","0","Retained; not presented by any current Result"
"SRC-CIV-TRIP","رحلة القضية في وزارة العدل","وزارة العدل","https://www.moj.gov.sa/ar/Ministry/Pages/CaseTripInMOJ.aspx","UNUSED / RESERVED","0","Retained; not presented by any current Result"
"SRC-EJAR-FAQ","الأسئلة الشائعة - العقد الموحد والسند التنفيذي","إيجار / الهيئة العامة للعقار","https://www.ejar.sa/ar/faqs","UNUSED / RESERVED","0","Retained; not presented by any current Result"
"SRC-EJAR-FAQ-CURRENT","الأسئلة الشائعة - العقد الموحد والسند التنفيذي","إيجار - الهيئة العامة للعقار","https://www.ejar.sa/ar/faqs","UNUSED / RESERVED","0","Retained; not presented by any current Result"
"SRC-FAM-PSL-OFFICIAL","نظام الأحوال الشخصية","هيئة الخبراء بمجلس الوزراء","https://laws.boe.gov.sa/BoeLaws/Laws/LawDetails/4d72d829-947b-45d5-b9b5-ae5800d6bac2/1","UNUSED / RESERVED","0","Retained; not presented by any current Result"
"SRC-HRSD-ABSENCE-PRIVATE","الدليل الإجرائي لإنهاء العلاقة التعاقدية — لمن ليس لديه عقد عمل موثق إلكترونيًا","وزارة الموارد البشرية والتنمية الاجتماعية","https://www.hrsd.gov.sa/knowledge-centre/decisions-and-regulations/regulation-and-procedures/الدليل-الإجرائي-لإنهاء-العلاقة-التعاقدية-لمن-ليس","UNUSED / RESERVED","0","Retained; not presented by any current Result"
"SRC-HRSD-DOMESTIC-SETTLEMENT-2026","القواعد والإجراءات المنظمة لتسوية خلافات العمالة المنزلية ومن في حكمهم","وزارة الموارد البشرية والتنمية الاجتماعية","https://www.hrsd.gov.sa/knowledge-centre/decisions-and-regulations/regulation-and-procedures/%D8%A7%D9%84%D9%82%D9%88%D8%A7%D8%B9%D8%AF-%D9%88%D8%A7%D9%84%D8%A5%D8%AC%D8%B1%D8%A7%D8%A1%D8%A7%D8%AA-%D8%A7%D9%84%D9%85%D9%86%D8%B8%D9%85%D8%A9-%D9%84%D8%AA%D8%B3%D9%88%D9%8A%D8%A9-%D8%AE%D9%84%D8%A7%D9%81%D8%A7%D8%AA-%D8%A7%D9%84%D8%B9%D9%85%D8%A7%D9%84%D8%A9","UNUSED / RESERVED","0","Retained; not presented by any current Result"
"SRC-HRSD-DOMESTIC-WAGE-PROTECTION-2026","حماية أجور العمالة المنزلية","وزارة الموارد البشرية والتنمية الاجتماعية","https://www.hrsd.gov.sa/ministry-services/services/%D8%AD%D9%85%D8%A7%D9%8A%D8%A9-%D8%A3%D8%AC%D9%88%D8%B1-%D8%A7%D9%84%D8%B9%D9%85%D8%A7%D9%84%D8%A9-%D8%A7%D9%84%D9%85%D9%86%D8%B2%D9%84%D9%8A%D8%A9","UNUSED / RESERVED","0","Retained; not presented by any current Result"
"SRC-HRSD-EXECUTIVE-LABOR-CONTRACT","الدليل الإرشادي لمبادرة عقد العمل الموثق سندًا تنفيذيًا","وزارة الموارد البشرية والتنمية الاجتماعية","https://www.hrsd.gov.sa/labor-culture","UNUSED / RESERVED","0","Retained; not presented by any current Result"
"SRC-HRSD-LABOR-SETTLE-2026","التسوية الودية للخلافات العمالية","وزارة الموارد البشرية والتنمية الاجتماعية","https://www.hrsd.gov.sa/ministry-services/services/269970","UNUSED / RESERVED","0","Retained; not presented by any current Result"
"SRC-MC-FRANCHISE","قيد الامتياز التجاري (تسجيل - تعديل - إلغاء)","وزارة التجارة","https://mc.gov.sa/ar/eservices/pages/servicedetails.aspx?sid=24","UNUSED / RESERVED","0","Retained; not presented by any current Result"
"SRC-MOJ-ACK-SERVICES","الاطلاع على الإقرارات — باقة الوكالات والإقرارات في ناجز","وزارة العدل","https://www.moj.gov.sa/ar/eServices/Pages/34af7c85-9d0e-49ce-86cb-38b088b0529f.aspx","UNUSED / RESERVED","0","Retained; not presented by any current Result"
"SRC-MOJ-BREASTFEEDING-DOC","وزارة العدل — دليل خدمة توثيق الرضاعة عبر ناجز","وزارة العدل","https://www.moj.gov.sa/sites/knowledgebase/Documents02/CRM_CCTS_6bf85c7c-4aa4-4d9b-824c-9019fc400ac7.pdf","UNUSED / RESERVED","0","Retained; not presented by any current Result"
"SRC-MOJ-CASE-FILING","صحيفة دعوى","وزارة العدل","https://www.moj.gov.sa/ar/eservices/pages/928b8f02-19a7-482b-ba0e-29a151d9a900.aspx","UNUSED / RESERVED","0","Retained; not presented by any current Result"
"SRC-MOJ-CASSATION","طلب النقض","وزارة العدل","https://www.moj.gov.sa/ar/eServices/pages/aee148d0-b7f7-43eb-b1cf-8eabf4d8b10d.aspx","UNUSED / RESERVED","0","Retained; not presented by any current Result"
"SRC-MOJ-COMM-COURTS","محاكم الدرجة الأولى - اختصاص المحاكم التجارية","وزارة العدل","https://www.moj.gov.sa/ar/ministry/courts/pages/firstcourts.aspx","UNUSED / RESERVED","0","Retained; not presented by any current Result"
"SRC-MOJ-CRIM-COURTS","محاكم الدرجة الأولى - المحاكم الجزائية","وزارة العدل","https://www.moj.gov.sa/ar/ministry/courts/pages/firstcourts.aspx","UNUSED / RESERVED","0","Retained; not presented by any current Result"
"SRC-MOJ-CUSTODY-DOC","توثيق حضانة","وزارة العدل","https://www.moj.gov.sa/ar/eservices/pages/e2560f40-ddf8-4e37-b212-394787344aef.aspx","UNUSED / RESERVED","0","Retained; not presented by any current Result"
"SRC-MOJ-CUSTODY-EXEC","طلب خدمة حضانة","وزارة العدل","https://www.moj.gov.sa/ar/eservices/pages/739b4d6e-c736-4d27-ba3e-a6d17dd561aa.aspx","UNUSED / RESERVED","0","Retained; not presented by any current Result"
"SRC-MOJ-DEBT-ACK","وزارة العدل – الإقرار بدين","وزارة العدل","https://www.moj.gov.sa/ar/eServices/Pages/52de3217-7df0-4326-8f1a-8ce294cce7e2.aspx","UNUSED / RESERVED","0","Retained; not presented by any current Result"
"SRC-MOJ-DEBT-PAYMENT-ACK","وزارة العدل – الإقرار بسداد دين","وزارة العدل","https://www.moj.gov.sa/ar/eServices/pages/20f22820-099f-49c2-b43d-42db8db0ac86.aspx","UNUSED / RESERVED","0","Retained; not presented by any current Result"
"SRC-MOJ-DEPOSIT-MEMO","طلب إيداع مذكرة","وزارة العدل","https://www.moj.gov.sa/ar/eservices/pages/d37abd59-ae3b-4881-9a13-4322bac124e1.aspx","UNUSED / RESERVED","0","Retained; not presented by any current Result"
"SRC-MOJ-DIVORCE-DOC","توثيق طلاق","وزارة العدل","https://moj.gov.sa/ar/eServices/Pages/0205e7ab-9006-4cc5-9c42-cc279e08a831.aspx","UNUSED / RESERVED","0","Retained; not presented by any current Result"
"SRC-MOJ-E-LITIGATION","التقاضي الإلكتروني (المرافعة الكتابية)","وزارة العدل","https://www.moj.gov.sa/ar/eServices/Pages/ba399a51-da43-43ba-8a34-a7e05ff7850a.aspx","UNUSED / RESERVED","0","Retained; not presented by any current Result"
"SRC-MOJ-ESTATE-AGREED","قسمة تركة اتفاقية","وزارة العدل","https://www.moj.gov.sa/ar/eServices/Pages/f49aa181-459d-4d5f-b48c-64d092b919e6.aspx","UNUSED / RESERVED","0","Retained; not presented by any current Result"
"SRC-MOJ-ESTATE-DIVISION","قسمة تركة اتفاقية","وزارة العدل","https://www.moj.gov.sa/ar/eServices/Pages/f49aa181-459d-4d5f-b48c-64d092b919e6.aspx","UNUSED / RESERVED","0","Retained; not presented by any current Result"
"SRC-MOJ-ESTATE-INVENTORY","وزارة العدل — إصدار حصر تركة","وزارة العدل","https://www.moj.gov.sa/ar/eServices/pages/2841c3bc-6aea-4ef7-9c70-934c28952fd8.aspx","UNUSED / RESERVED","0","Retained; not presented by any current Result"
"SRC-MOJ-ESTATE-PLATFORM","وزارة العدل — منصة التركات","وزارة العدل","https://merath.moj.gov.sa/","UNUSED / RESERVED","0","Retained; not presented by any current Result"
"SRC-MOJ-EXEC-34-GUIDE","دليل خدمة طلب إصدار قرار 34 عبر ناجز","وزارة العدل","https://www.moj.gov.sa/sites/knowledgebase/Documents02/CRM_CCTS_4fa4ff3f-8f52-43c9-b80c-d214d8b5f79d.pdf","UNUSED / RESERVED","0","Retained; not presented by any current Result"
"SRC-MOJ-EXEC-46-GUIDE","دليل خدمة طلب إصدار قرار 46 عبر ناجز","وزارة العدل","https://www.moj.gov.sa/sites/knowledgebase/Documents02/CRM_CCTS_1d8a2b5c-38fc-43fa-ad27-0c4a8aac7e07.pdf","UNUSED / RESERVED","0","Retained; not presented by any current Result"
"SRC-MOJ-EXEC-AD-INVOICE","طلب إصدار فاتورة إعلان","وزارة العدل","https://www.moj.gov.sa/ar/eServices/Pages/f05580e3-fadc-4227-bb2c-8500fabcf73f.aspx","UNUSED / RESERVED","0","Retained; not presented by any current Result"
"SRC-MOJ-EXEC-AD-INVOICE-CURRENT","طلب إصدار فاتورة إعلان","وزارة العدل","https://www.moj.gov.sa/ar/eServices/Pages/f05580e3-fadc-4227-bb2c-8500fabcf73f.aspx","UNUSED / RESERVED","0","Retained; not presented by any current Result"
"SRC-MOJ-EXEC-ADD-HEIR","إضافة وارث في طلبات تنفيذ مورثة","وزارة العدل","https://www.moj.gov.sa/ar/eServices/Pages/d3061fe4-6bad-4bc1-b38d-63217c7a76b3.aspx","UNUSED / RESERVED","0","Retained; not presented by any current Result"
"SRC-MOJ-EXEC-AMEND-AMOUNT","تعديل مبلغ المطالبة","وزارة العدل","https://www.moj.gov.sa/ar/eServices/Pages/7b84d5eb-82aa-4b63-b06e-be92c72158ef.aspx","UNUSED / RESERVED","0","Retained; not presented by any current Result"
"SRC-MOJ-EXEC-AMOUNT-CURRENT","تعديل مبلغ المطالبة","وزارة العدل","https://www.moj.gov.sa/ar/eServices/Pages/7b84d5eb-82aa-4b63-b06e-be92c72158ef.aspx","UNUSED / RESERVED","0","Retained; not presented by any current Result"
"SRC-MOJ-EXEC-APPLY","تقديم طلب تنفيذ","وزارة العدل","https://moj.gov.sa/ar/eservices/pages/1c719954-3463-4754-85e1-1b319b937b86.aspx","UNUSED / RESERVED","0","Retained; not presented by any current Result"
"SRC-MOJ-EXEC-APPLY-CURRENT","تقديم طلب تنفيذ","وزارة العدل","https://moj.gov.sa/ar/eservices/pages/1c719954-3463-4754-85e1-1b319b937b86.aspx","UNUSED / RESERVED","0","Retained; not presented by any current Result"
"SRC-MOJ-EXEC-CUSTODY-LETTER","طلب إصدار خطاب حضانة - دليل ناجز","وزارة العدل","https://www.moj.gov.sa/sites/knowledgebase/Documents02/CRM_CCTS_2c37a563-df95-416b-b229-e2d037a3e575.pdf","UNUSED / RESERVED","0","Retained; not presented by any current Result"
"SRC-MOJ-EXEC-END","إنهاء طلب التنفيذ","وزارة العدل","https://www.moj.gov.sa/ar/eServices/Pages/152ff72e-0c8d-42b2-9f16-3f81e5cf38d2.aspx","UNUSED / RESERVED","0","Retained; not presented by any current Result"
"SRC-MOJ-EXEC-FAMILY-DECISIONS","اتفاقية مستوى الخدمة — إصدار قرار حضانة وقرار زيارة","وزارة العدل","https://www.moj.gov.sa/ar/Ministry/Pages/SLA.aspx","UNUSED / RESERVED","0","Retained; not presented by any current Result"
"SRC-MOJ-EXEC-FIN-REPORT","اتفاقية مستوى الخدمة — الاستعلام عن التقرير المالي","وزارة العدل","https://www.moj.gov.sa/ar/Ministry/Pages/SLA.aspx","UNUSED / RESERVED","0","Retained; not presented by any current Result"
"SRC-MOJ-EXEC-GRACE","طلب إمهال - تأجيل السند التنفيذي","وزارة العدل","https://www.moj.gov.sa/ar/eServices/Pages/a7eef02b-d9ad-4d3f-9ad0-7b9a67399313.aspx","UNUSED / RESERVED","0","Retained; not presented by any current Result"
"SRC-MOJ-EXEC-LAW","نظام التنفيذ","هيئة الخبراء بمجلس الوزراء","https://laws.boe.gov.sa/BoeLaws/Laws/LawDetails/c81ba2f1-1bf1-443b-9b1c-a9a700f27110/1","UNUSED / RESERVED","0","Retained; not presented by any current Result"
"SRC-MOJ-EXEC-LEGAL-REP","إدراج ممثل نظامي","وزارة العدل","https://www.moj.gov.sa/ar/eServices/Pages/477600c3-653d-42c7-b6ae-ac5484952123.aspx","UNUSED / RESERVED","0","Retained; not presented by any current Result"
"SRC-MOJ-EXEC-LIFT46-GUIDE","طلب إصدار قرار رفع 46 — دليل ناجز","وزارة العدل","https://www.moj.gov.sa/sites/knowledgebase/Documents02/CRM_CCTS_aec3b66e-9f50-45cc-aff2-17f162613248.pdf","UNUSED / RESERVED","0","Retained; not presented by any current Result"
"SRC-MOJ-EXEC-NOTIFY-DECISION","تبليغ المنفذ ضده بصدور قرار التنفيذ","وزارة العدل","https://www.moj.gov.sa/ar/eservices/pages/notify%20enforcement%20debtor%20of%20the%20issuance%20of%20an%20enforcement%20decision.aspx","UNUSED / RESERVED","0","Retained; not presented by any current Result"
"SRC-MOJ-EXEC-PAYMENT","إثبات السداد","وزارة العدل","https://www.moj.gov.sa/ar/eServices/pages/0fabf9ed-05ba-497e-9e4e-1e227103fc00.aspx","UNUSED / RESERVED","0","Retained; not presented by any current Result"
"SRC-MOJ-EXEC-PROOF-PAYMENT","إثبات السداد","وزارة العدل","https://www.moj.gov.sa/ar/eServices/pages/0fabf9ed-05ba-497e-9e4e-1e227103fc00.aspx","UNUSED / RESERVED","0","Retained; not presented by any current Result"
"SRC-MOJ-EXEC-QUERY","استعلام عن طلب تنفيذ","وزارة العدل","https://moj.gov.sa/ar/eServices/Pages/9bd2e276-3110-4e32-a00e-330de0fec9a4.aspx","UNUSED / RESERVED","0","Retained; not presented by any current Result"
"SRC-MOJ-EXEC-REACTIVATE","طلب إعادة تفعيل طلب تنفيذ بعد انتهاء مدة الإمهال","وزارة العدل","https://www.moj.gov.sa/ar/eServices/Pages/42bc9d16-70e4-43ad-bb8d-0a8e156ffb72.aspx","UNUSED / RESERVED","0","Retained; not presented by any current Result"
"SRC-MOJ-EXEC-REACTIVATE-CURRENT","طلب إعادة تفعيل طلب تنفيذ بعد انتهاء مدة الإمهال","وزارة العدل","https://www.moj.gov.sa/ar/eServices/Pages/42bc9d16-70e4-43ad-bb8d-0a8e156ffb72.aspx","UNUSED / RESERVED","0","Retained; not presented by any current Result"
"SRC-MOJ-EXEC-SADAD-INVOICE","طلب إصدار فاتورة سداد","وزارة العدل","https://www.moj.gov.sa/sites/knowledgebase/Documents02/CRM_CCTS_f960150a-e7d9-40a8-835a-cdffe08d96a5.pdf","UNUSED / RESERVED","0","Retained; not presented by any current Result"
"SRC-MOJ-EXEC-SLA","اتفاقية مستوى الخدمة - خدمات التنفيذ","وزارة العدل","https://www.moj.gov.sa/ar/Ministry/Pages/SLA.aspx","UNUSED / RESERVED","0","Retained; not presented by any current Result"
"SRC-MOJ-EXEC-TRANSFER","طلب تحويل مبلغ محجوز","وزارة العدل","https://www.moj.gov.sa/ar/eServices/Pages/9bc63703-4291-4cc6-9615-ac15a3cfce36.aspx","UNUSED / RESERVED","0","Retained; not presented by any current Result"
"SRC-MOJ-EXEC-TRANSFER-SEIZED-CURRENT","طلب تحويل مبلغ محجوز","وزارة العدل","https://www.moj.gov.sa/ar/eServices/Pages/9bc63703-4291-4cc6-9615-ac15a3cfce36.aspx","UNUSED / RESERVED","0","Retained; not presented by any current Result"
"SRC-MOJ-EXEC-VISIT-LETTER","طلب إصدار خطاب زيارة","وزارة العدل","https://www.moj.gov.sa/sites/knowledgebase/Documents02/CRM_CCTS_a4dccf2e-bd5c-4bcc-8320-9add6037e783.pdf","UNUSED / RESERVED","0","Retained; not presented by any current Result"
"SRC-MOJ-EXPERT","طلب الخبرة","وزارة العدل","https://www.moj.gov.sa/ar/eservices/pages/fbe131b9-406f-4fae-9438-64e2f259e3e8.aspx","UNUSED / RESERVED","0","Retained; not presented by any current Result"
"SRC-MOJ-FAMILY-DISPUTE-ENTRY","منصة تراضي + صحيفة الدعوى","وزارة العدل","https://taradhi.moj.gov.sa/ServiceUsage","UNUSED / RESERVED","0","Retained; not presented by any current Result"
"SRC-MOJ-FAMILY-SHAML","حقوق الطفل والأسرة — مبادرة شمل","وزارة العدل","https://www.moj.gov.sa/ar/Ministry/WeCare/Pages/ChildAndFamilyRights.aspx","UNUSED / RESERVED","0","Retained; not presented by any current Result"
"SRC-MOJ-FINANCIAL-ACK-WAIVERS","وزارة العدل – خدمات الإقرارات المالية في ناجز","وزارة العدل","https://www.moj.gov.sa/sites/knowledgebase/Documents02/CRM_CCTS_55491383-8acb-4671-90f3-0850fb87b85a.pdf","UNUSED / RESERVED","0","Retained; not presented by any current Result"
"SRC-MOJ-FIRST-COURTS-REAL","محاكم الدرجة الأولى - اختصاص المحاكم العامة في الدعاوى العقارية","وزارة العدل","https://moj.gov.sa/ar/Ministry/Courts/Pages/FirstCourts.aspx","UNUSED / RESERVED","0","Retained; not presented by any current Result"
"SRC-MOJ-FIRST-DEFENSE","طلب مذكرة الدفاع الأولى","وزارة العدل","https://www.moj.gov.sa/ar/eServices/pages/bcdcda2b-1b77-428b-ae80-0dfc04bf07fa.aspx","UNUSED / RESERVED","0","Retained; not presented by any current Result"
"SRC-MOJ-HEARING-CALENDAR","عرض تقويم الجلسات","وزارة العدل","https://www.moj.gov.sa/ar/eServices/Pages/325bf81f-b6a5-4891-92b3-fc25298fb242.aspx","UNUSED / RESERVED","0","Retained; not presented by any current Result"
"SRC-MOJ-HEIRS","إصدار حصر الورثة","وزارة العدل","https://www.moj.gov.sa/ar/eServices/Pages/17b08d90-809c-45cf-bd41-9eb8d15fabcb.aspx","UNUSED / RESERVED","0","Retained; not presented by any current Result"
"SRC-MOJ-HEIRS-DIGITIZE","طلب رقمنة وثيقة حصر الورثة","وزارة العدل","https://www.moj.gov.sa/ar/eServices/Pages/f8cc5fe9-1957-41e5-a2d9-7ebad1e25ff3.aspx","UNUSED / RESERVED","0","Retained; not presented by any current Result"
"SRC-MOJ-INHAAT","إصدار حصر الورثة — وزارة العدل","وزارة العدل","https://www.moj.gov.sa/ar/eServices/Pages/17b08d90-809c-45cf-bd41-9eb8d15fabcb.aspx","UNUSED / RESERVED","0","Retained; not presented by any current Result"
"SRC-MOJ-INHERITANCE-CALC","حساب المواريث","وزارة العدل","https://www.moj.gov.sa/ar/eServices/Pages/7f678c3b-6251-439e-ab04-64638df6635f.aspx","UNUSED / RESERVED","0","Retained; not presented by any current Result"
"SRC-MOJ-INHERITANCE-PLATFORM","منصة التركات — حصر الورثة وحصر التركة وقسمة التركة","وزارة العدل","https://merath.moj.gov.sa/","UNUSED / RESERVED","0","Retained; not presented by any current Result"
"SRC-MOJ-INHERITANCE-RENUNCIATION","الإقرار بالتنازل عن حصة إرثية","وزارة العدل","https://www.moj.gov.sa/ar/eServices/Pages/f67eca8c-bdfc-419e-8815-8b28a1c1d464.aspx","UNUSED / RESERVED","0","Retained; not presented by any current Result"
"SRC-MOJ-INTERVENTION","طلب التدخل","وزارة العدل","https://www.moj.gov.sa/ar/eServices/Pages/f0778b45-0b49-4612-aef8-42e432d3b773.aspx","UNUSED / RESERVED","0","Retained; not presented by any current Result"
"SRC-MOJ-JOIN","طلب الإدخال","وزارة العدل","https://www.moj.gov.sa/ar/eServices/pages/6d7b2dff-62e9-4d1e-b125-d6cc7d1cc1eb.aspx","UNUSED / RESERVED","0","Retained; not presented by any current Result"
"SRC-MOJ-JUDGMENT-CORRECT-INTERPRET","طلب تصحيح الحكم أو تفسيره","وزارة العدل","https://www.moj.gov.sa/ar/eservices/pages/3f275eb8-cf00-4a70-9e1d-e7aa2256bd75.aspx","UNUSED / RESERVED","0","Retained; not presented by any current Result"
"SRC-MOJ-JUDICIAL-COSTS","التكاليف القضائية","وزارة العدل","https://www.moj.gov.sa/ar/eservices/pages/143507f9-e5db-4423-a0c1-9f489c6c3893.aspx","UNUSED / RESERVED","0","Retained; not presented by any current Result"
"SRC-MOJ-JUDICIAL-REQUESTS-SLA","اتفاقية مستوى الخدمة — خدمات القضاء في ناجز","وزارة العدل","https://www.moj.gov.sa/ar/Ministry/Pages/SLA.aspx","UNUSED / RESERVED","0","Retained; not presented by any current Result"
"SRC-MOJ-KHULA-DOC","توثيق خلع — وزارة العدل","وزارة العدل","https://www.moj.gov.sa/Documents/Sharing/ElectronicJudicialServices2.pdf","UNUSED / RESERVED","0","Retained; not presented by any current Result"
"SRC-MOJ-MAINT-DEDUCT","تنفيذ الاستقطاع","وزارة العدل","https://www.moj.gov.sa/ar/eServices/pages/0756dde6-14de-481a-a6e6-ec9bd642b284.aspx","UNUSED / RESERVED","0","Retained; not presented by any current Result"
"SRC-MOJ-MARRIAGE-NEW","وزارة العدل — إنشاء عقد زواج","وزارة العدل","https://www.moj.gov.sa/ar/eServices/Pages/3e5e8e63-9a67-4ada-bafb-b16bb6b9f3fd.aspx","UNUSED / RESERVED","0","Retained; not presented by any current Result"
"SRC-MOJ-MARRIAGE-NONSAUDI","وزارة العدل — توثيق زواج أحد الزوجين غير سعودي","وزارة العدل","https://www.moj.gov.sa/ar/eServices/pages/c5586468-24ca-47e2-81b6-625813dcfba2.aspx","UNUSED / RESERVED","0","Retained; not presented by any current Result"
"SRC-MOJ-MARRIAGE-PAPER-ATTEST","وزارة العدل — تصديق عقد زواج","وزارة العدل","https://www.moj.gov.sa/ar/eServices/pages/6f961e87-0b95-484a-9af7-055aeaf121c0.aspx","UNUSED / RESERVED","0","Retained; not presented by any current Result"
"SRC-MOJ-MARRIAGE-PREVIOUS","وزارة العدل — توثيق زواج سابق","وزارة العدل","https://www.moj.gov.sa/sites/knowledgebase/Documents02/CRM_CCTS_6815673a-0b49-484b-b9b5-069b557d9827.pdf","UNUSED / RESERVED","0","Retained; not presented by any current Result"
"SRC-MOJ-MARRIAGE-VERIFY","وزارة العدل — التحقق من عقد زواج","وزارة العدل","https://www.moj.gov.sa/ar/eServices/pages/ab23882a-91f5-468a-aa9f-240c8cdc04b4.aspx","UNUSED / RESERVED","0","Retained; not presented by any current Result"
"SRC-MOJ-MONEY-RECEIPT-ACK","وزارة العدل – الإقرار باستلام مبلغ مالي","وزارة العدل","https://www.moj.gov.sa/ar/eservices/pages/1d20b5c0-3f84-4374-92d1-0976a99322d5.aspx","UNUSED / RESERVED","0","Retained; not presented by any current Result"
"SRC-MOJ-MORTGAGE-RELEASE","إنشاء طلب فك رهن عقاري","وزارة العدل","https://www.moj.gov.sa/ar/eServices/Pages/fb45c8c7-da49-4d25-b0ff-ad270dcad1a7.aspx","UNUSED / RESERVED","0","Retained; not presented by any current Result"
"SRC-MOJ-MOVABLE-ACKS","الإقرار باستلام منقول / الإقرار بالتنازل عن منقول","وزارة العدل","https://www.moj.gov.sa/ar/eservices/pages/4a40a308-f23d-42a7-ac33-cac0debbd13f.aspx","UNUSED / RESERVED","0","Retained; not presented by any current Result"
"SRC-MOJ-POA-ISSUE","إصدار وكالة فردية","وزارة العدل","https://www.moj.gov.sa/ar/eServices/Pages/3472d517-7cb4-4cd5-a6bc-2abc9751eea3.aspx","UNUSED / RESERVED","0","Retained; not presented by any current Result"
"SRC-MOJ-POA-REGISTER","طلب تسجيل وكالة","وزارة العدل","https://www.moj.gov.sa/ar/eservices/pages/40e619cb-a221-44c2-ba99-af7b70c37bd8.aspx","UNUSED / RESERVED","0","Retained; not presented by any current Result"
"SRC-MOJ-POA-REVOKE","فسخ وكالة","وزارة العدل","https://www.moj.gov.sa/ar/eServices/Pages/98936b42-6b58-47e4-932c-c98840010095.aspx","UNUSED / RESERVED","0","Retained; not presented by any current Result"
"SRC-MOJ-POA-VERIFY","التحقق من وكالة","وزارة العدل","https://www.moj.gov.sa/ar/eServices/Pages/Verify-power-of-attorney.aspx","UNUSED / RESERVED","0","Retained; not presented by any current Result"
"SRC-MOJ-RESUME","طلب استمرار السير في الدعوى","وزارة العدل","https://www.moj.gov.sa/ar/eServices/pages/7f9f1f8e-a582-4268-8c55-af8a9d9761ee.aspx","UNUSED / RESERVED","0","Retained; not presented by any current Result"
"SRC-MOJ-RETURN-DOC","توثيق رجعة","وزارة العدل","https://www.moj.gov.sa/ar/eservices/pages/8f097103-691f-438f-9a20-d492b564965e.aspx","UNUSED / RESERVED","0","Retained; not presented by any current Result"
"SRC-MOJ-SLA-CURRENT","اتفاقية مستوى الخدمة","وزارة العدل","https://www.moj.gov.sa/ar/Ministry/Pages/SLA.aspx","UNUSED / RESERVED","0","Retained; not presented by any current Result"
"SRC-MOJ-STATEMENT-OF-CLAIM","صحيفة دعوى","وزارة العدل","https://moj.gov.sa/ar/eServices/Pages/928b8f02-19a7-482b-ba0e-29a151d9a900.aspx","UNUSED / RESERVED","0","Retained; not presented by any current Result"
"SRC-MOJ-STAY","طلب وقف السير في الدعوى","وزارة العدل","https://www.moj.gov.sa/ar/eservices/pages/d1ef87c9-918d-4106-81a3-1b937f114c27.aspx","UNUSED / RESERVED","0","Retained; not presented by any current Result"
"SRC-MOJ-STRUCK","طلب إعادة النظر في قضية مشطوبة","وزارة العدل","https://www.moj.gov.sa/ar/eServices/pages/ff1f9ae8-29dd-4fb9-bd91-04561c321fee.aspx","UNUSED / RESERVED","0","Retained; not presented by any current Result"
"SRC-MOJ-URGENT-CLAIMS","الدعاوى المستعجلة","وزارة العدل","https://moj.gov.sa/ar/eservices/pages/d73f20f6-8693-4381-9a5a-1f7120815918.aspx","UNUSED / RESERVED","0","Retained; not presented by any current Result"
"SRC-MOJ-VISIT-EXEC","طلب خدمة زيارة","وزارة العدل","https://www.moj.gov.sa/ar/eServices/pages/d5e26711-4105-4ad9-8cd8-bc6d66242591.aspx","UNUSED / RESERVED","0","Retained; not presented by any current Result"
"SRC-MOJ-WAQF-DOC","توثيق وقف","وزارة العدل","https://www.moj.gov.sa/ar/eservices/pages/b65c996a-fe8e-4c0c-a906-986da7b2b183.aspx","UNUSED / RESERVED","0","Retained; not presented by any current Result"
"SRC-MOJ-WILL-DOC","توثيق وصية","وزارة العدل","https://www.moj.gov.sa/ar/eServices/Pages/9f1a7d54-2b76-4a92-bd26-85ae39878b5e.aspx","UNUSED / RESERVED","0","Retained; not presented by any current Result"
"SRC-MOJ-WITHDRAW","طلب ترك الخصومة","وزارة العدل","https://www.moj.gov.sa/ar/eServices/Pages/5ccadb53-2b3c-4f58-b898-5b0d481c903a.aspx","UNUSED / RESERVED","0","Retained; not presented by any current Result"
"SRC-MYGOV-CYBER-REPORT","Cyber Crime Reports — Ministry of Interior","المنصة الوطنية / وزارة الداخلية","https://my.gov.sa/en/services/398352","UNUSED / RESERVED","0","Retained; not presented by any current Result"
"SRC-NCAR-PERSONAL-STATUS-REG","لائحة نظام الأحوال الشخصية","المركز الوطني للوثائق والمحفوظات/منصة استطلاع الأنظمة","https://ncar.gov.sa/document-details/eyJpdiI6ImRxVHRENzEvS0I1WFBlbDR0Uk5PM1E9PSIsInZhbHVlIjoiRDNScjdoajNZc0dpZENLZDFyWHJhZz09IiwibWFjIjoiOTVhZTE3NTMwYWY1OWU4NmE0NWM0MDBiM2NhNThjZTgzZDhhZDQ4MDY5OGVmZmRmNzIyNTI5N2IwYjI1YzUzZSIsInRhZyI6IiJ9","UNUSED / RESERVED","0","Retained; not presented by any current Result"
"SRC-RBR-COSTREG","اللائحة التنفيذية لنظام التكاليف القضائية","هيئة الخبراء بمجلس الوزراء","https://laws.boe.gov.sa/BoeLaws/Laws/LawDetails/d7e8efd3-4021-4413-8255-ae7c00f190de/1","UNUSED / RESERVED","0","Retained; not presented by any current Result"
"SRC-RBR-COSTS-LAW","نظام التكاليف القضائية","هيئة الخبراء بمجلس الوزراء","https://laws.boe.gov.sa/BoeLaws/Laws/LawDetails/3e368087-7b31-46e7-8005-ada100b8f703/1","UNUSED / RESERVED","0","Retained; not presented by any current Result"
"SRC-RBR-COSTS-REG","اللائحة التنفيذية لنظام التكاليف القضائية","هيئة الخبراء بمجلس الوزراء","https://laws.boe.gov.sa/BoeLaws/Laws/LawDetails/d7e8efd3-4021-4413-8255-ae7c00f190de/1","UNUSED / RESERVED","0","Retained; not presented by any current Result"
"SRC-RBR-CPL","نظام المرافعات الشرعية","هيئة الخبراء بمجلس الوزراء","https://laws.boe.gov.sa/BoeLaws/Laws/LawDetails/f0eaae46-9f84-40ee-815e-a9a700f268b3/1","UNUSED / RESERVED","0","Retained; not presented by any current Result"
"SRC-RBR-CUSTODY","طلب خدمة حضانة","وزارة العدل","https://www.moj.gov.sa/ar/eservices/pages/739b4d6e-c736-4d27-ba3e-a6d17dd561aa.aspx","UNUSED / RESERVED","0","Retained; not presented by any current Result"
"SRC-RBR-CUSTODY-LETTER","طلب إصدار خطاب حضانة","وزارة العدل","https://www.moj.gov.sa/sites/knowledgebase/Documents02/CRM_CCTS_2c37a563-df95-416b-b229-e2d037a3e575.pdf","UNUSED / RESERVED","0","Retained; not presented by any current Result"
"SRC-RBR-CUSTODYDOC65","توثيق حضانة","وزارة العدل","https://moj.gov.sa/ar/eservices/pages/e2560f40-ddf8-4e37-b212-394787344aef.aspx","UNUSED / RESERVED","0","Retained; not presented by any current Result"
"SRC-RBR-EXEC","نظام التنفيذ","هيئة الخبراء بمجلس الوزراء","https://laws.boe.gov.sa/BoeLaws/Laws/LawDetails/c81ba2f1-1bf1-443b-9b1c-a9a700f27110/1","UNUSED / RESERVED","0","Retained; not presented by any current Result"
"SRC-RBR-EXEC-VERIFY","التحقق من طلب التنفيذ","وزارة العدل","https://www.moj.gov.sa/ar/eServices/Pages/8cc249d5-9f9c-464f-a772-25192e8fdf3b.aspx","UNUSED / RESERVED","0","Retained; not presented by any current Result"
"SRC-RBR-MOJ-CASETRIP","رحلة القضية في وزارة العدل","وزارة العدل","https://www.moj.gov.sa/ar/Ministry/Pages/CaseTripInMOJ.aspx","UNUSED / RESERVED","0","Retained; not presented by any current Result"
"SRC-RBR-MOJ-RECONSIDER","التماس إعادة النظر","وزارة العدل","https://www.moj.gov.sa/ar/eServices/pages/34a53f98-57e0-4f8b-9bad-78a095ebae4b.aspx","UNUSED / RESERVED","0","Retained; not presented by any current Result"
"SRC-RBR-MOJ-SLA","اتفاقية مستوى الخدمة","وزارة العدل","https://www.moj.gov.sa/ar/Ministry/Pages/SLA.aspx","UNUSED / RESERVED","0","Retained; not presented by any current Result"
"SRC-RBR-SLA","اتفاقية مستوى الخدمة","وزارة العدل","https://www.moj.gov.sa/ar/Ministry/Pages/SLA.aspx","UNUSED / RESERVED","0","Retained; not presented by any current Result"
"SRC-RBR-VERIFY","التحقق من طلب التنفيذ","وزارة العدل","https://www.moj.gov.sa/ar/eServices/Pages/8cc249d5-9f9c-464f-a772-25192e8fdf3b.aspx","UNUSED / RESERVED","0","Retained; not presented by any current Result"
"SRC-REGA-EJAR-SETTLEMENT","الصلح لمستفيدي برنامج إيجار","الهيئة العامة للعقار","https://rega.gov.sa/rega-services/eservices/%D8%A7%D9%84%D8%B5%D9%84%D8%AD-%D9%84%D9%85%D8%B3%D8%AA%D9%81%D9%8A%D8%AF%D9%8A-%D8%A8%D8%B1%D9%86%D8%A7%D9%85%D8%AC-%D8%A5%D9%8A%D8%AC%D8%A7%D8%B1/","UNUSED / RESERVED","0","Retained; not presented by any current Result"
"SRC-REGA-REGISTRY","السجل العقاري وخدمات التسجيل العيني","الهيئة العامة للعقار","https://rega.gov.sa/rega-services/platforms/real-estate-registry/","UNUSED / RESERVED","0","Retained; not presented by any current Result"
"SRC-SAIP-COPYRIGHT","تسجيل مصنف جديد - المصنفات المكتوبة","الهيئة السعودية للملكية الفكرية","https://www.saip.gov.sa/ar/services/copyrights/copyr7","UNUSED / RESERVED","0","Retained; not presented by any current Result"
"SRC-SAIP-HOME","خدمات الملكية الفكرية","الهيئة السعودية للملكية الفكرية","https://www.saip.gov.sa/ar","UNUSED / RESERVED","0","Retained; not presented by any current Result"
"SRC-SAIP-PATENT","إيداع طلب براءة اختراع","الهيئة السعودية للملكية الفكرية","https://saip.gov.sa/ar/services/patents/patent1","UNUSED / RESERVED","0","Retained; not presented by any current Result"
"SRC-SAIP-TRADEMARKS","العلامات التجارية","الهيئة السعودية للملكية الفكرية","https://www.saip.gov.sa/ar/services/trademarks","UNUSED / RESERVED","0","Retained; not presented by any current Result"
"SRC-UQN-RENT-CONTROLS","الأحكام النظامية الخاصة بضبط العلاقة بين المؤجر والمستأجر","جريدة أم القرى","https://www.uqn.gov.sa/details?p=28602","UNUSED / RESERVED","0","Retained; not presented by any current Result"
"SRC100-GUIDE","شرح نظام الإثبات","وزارة العدل","https://www.moj.gov.sa/Documents/Sharing/ExplanationOfTheProofSystem.pdf","UNUSED / RESERVED","0","Retained; not presented by any current Result"
"SRC100-PROOFPDF","نظام الإثبات - نسخة PDF","وزارة العدل","https://www.moj.gov.sa/Documents/Regulations/pdf/ProofSystem.pdf","UNUSED / RESERVED","0","Retained; not presented by any current Result"
"SRC102-REGA-REG","اللائحة التنفيذية لنظام الوساطة العقارية","الهيئة العامة للعقار","https://rega.gov.sa/الأنظمة-والقرارات/الأنظمة-واللوائح-والأدلة/اللوائح/اللائحة-التنفيذية-لنظام-الوساطة-العقارية/","UNUSED / RESERVED","0","Retained; not presented by any current Result"
"SRC103-TRIP","رحلة القضية في وزارة العدل","وزارة العدل","https://www.moj.gov.sa/ar/Ministry/Pages/CaseTripInMOJ.aspx","UNUSED / RESERVED","0","Retained; not presented by any current Result"
"SRC104-DEDUCT","تنفيذ الاستقطاع","وزارة العدل","https://www.moj.gov.sa/ar/eServices/pages/0756dde6-14de-481a-a6e6-ec9bd642b284.aspx","UNUSED / RESERVED","0","Retained; not presented by any current Result"
"SRC104-TRIP","رحلة القضية في وزارة العدل","وزارة العدل","https://www.moj.gov.sa/ar/Ministry/Pages/CaseTripInMOJ.aspx","UNUSED / RESERVED","0","Retained; not presented by any current Result"
"SRC105-TRIP","رحلة القضية في وزارة العدل","وزارة العدل","https://www.moj.gov.sa/ar/Ministry/Pages/CaseTripInMOJ.aspx","UNUSED / RESERVED","0","Retained; not presented by any current Result"
"SRC106-CLAIM","صحيفة دعوى","وزارة العدل","https://moj.gov.sa/ar/eServices/Pages/928b8f02-19a7-482b-ba0e-29a151d9a900.aspx","UNUSED / RESERVED","0","Retained; not presented by any current Result"
"SRC106-EXEC","تقديم طلب تنفيذ","وزارة العدل","https://www.moj.gov.sa/ar/eservices/pages/1c719954-3463-4754-85e1-1b319b937b86.aspx","UNUSED / RESERVED","0","Retained; not presented by any current Result"
"SRC107-CLAIM","صحيفة دعوى","وزارة العدل","https://moj.gov.sa/ar/eServices/Pages/928b8f02-19a7-482b-ba0e-29a151d9a900.aspx","UNUSED / RESERVED","0","Retained; not presented by any current Result"
"SRC110-CLAIM","صحيفة دعوى","وزارة العدل","https://moj.gov.sa/ar/eServices/Pages/928b8f02-19a7-482b-ba0e-29a151d9a900.aspx","UNUSED / RESERVED","0","Retained; not presented by any current Result"
"SRC110-TRIP","رحلة القضية في وزارة العدل","وزارة العدل","https://www.moj.gov.sa/ar/Ministry/Pages/CaseTripInMOJ.aspx","UNUSED / RESERVED","0","Retained; not presented by any current Result"
"SRC111-CLAIM","صحيفة دعوى","وزارة العدل","https://www.moj.gov.sa/ar/eservices/pages/928b8f02-19a7-482b-ba0e-29a151d9a900.aspx","UNUSED / RESERVED","0","Retained; not presented by any current Result"
"SRC111-TRIP","رحلة القضية","وزارة العدل","https://www.moj.gov.sa/ar/Ministry/Pages/CaseTripInMOJ.aspx","UNUSED / RESERVED","0","Retained; not presented by any current Result"
"SRC112-CLAIM","صحيفة دعوى","وزارة العدل","https://www.moj.gov.sa/ar/eServices/Pages/928b8f02-19a7-482b-ba0e-29a151d9a900.aspx","UNUSED / RESERVED","0","Retained; not presented by any current Result"
"SRC115-CLAIM","صحيفة دعوى","وزارة العدل","https://moj.gov.sa/ar/eServices/Pages/928b8f02-19a7-482b-ba0e-29a151d9a900.aspx","UNUSED / RESERVED","0","Retained; not presented by any current Result"
"SRC115-TRIP","رحلة القضية","وزارة العدل","https://www.moj.gov.sa/ar/Ministry/Pages/CaseTripInMOJ.aspx","UNUSED / RESERVED","0","Retained; not presented by any current Result"
"SRC116-CLAIM","صحيفة دعوى","وزارة العدل","https://www.moj.gov.sa/ar/eservices/pages/928b8f02-19a7-482b-ba0e-29a151d9a900.aspx","UNUSED / RESERVED","0","Retained; not presented by any current Result"
"SRC116-TRIP","رحلة القضية","وزارة العدل","https://www.moj.gov.sa/ar/Ministry/Pages/CaseTripInMOJ.aspx","UNUSED / RESERVED","0","Retained; not presented by any current Result"
"SRC117-CLAIM","صحيفة دعوى","وزارة العدل","https://moj.gov.sa/ar/eServices/Pages/928b8f02-19a7-482b-ba0e-29a151d9a900.aspx","UNUSED / RESERVED","0","Retained; not presented by any current Result"
"SRC117-EXEC","تقديم طلب تنفيذ","وزارة العدل","https://moj.gov.sa/ar/eservices/pages/1c719954-3463-4754-85e1-1b319b937b86.aspx","UNUSED / RESERVED","0","Retained; not presented by any current Result"
"SRC118-CLAIM","صحيفة دعوى","وزارة العدل","https://moj.gov.sa/ar/eServices/Pages/928b8f02-19a7-482b-ba0e-29a151d9a900.aspx","UNUSED / RESERVED","0","Retained; not presented by any current Result"
"SRC118-TRIP","رحلة القضية","وزارة العدل","https://www.moj.gov.sa/ar/Ministry/Pages/CaseTripInMOJ.aspx","UNUSED / RESERVED","0","Retained; not presented by any current Result"
"SRC119-CLAIM","صحيفة دعوى","وزارة العدل","https://moj.gov.sa/ar/eServices/Pages/928b8f02-19a7-482b-ba0e-29a151d9a900.aspx","UNUSED / RESERVED","0","Retained; not presented by any current Result"
"SRC119-TRIP","رحلة القضية","وزارة العدل","https://www.moj.gov.sa/ar/Ministry/Pages/CaseTripInMOJ.aspx","UNUSED / RESERVED","0","Retained; not presented by any current Result"
"SRC120-CLAIM","صحيفة دعوى","وزارة العدل","https://moj.gov.sa/ar/eServices/Pages/928b8f02-19a7-482b-ba0e-29a151d9a900.aspx","UNUSED / RESERVED","0","Retained; not presented by any current Result"
"SRC120-EXEC","تقديم طلب تنفيذ","وزارة العدل","https://www.moj.gov.sa/ar/eservices/pages/1c719954-3463-4754-85e1-1b319b937b86.aspx","UNUSED / RESERVED","0","Retained; not presented by any current Result"
"SRC121-CLAIM","صحيفة دعوى","وزارة العدل","https://moj.gov.sa/ar/eServices/Pages/928b8f02-19a7-482b-ba0e-29a151d9a900.aspx","UNUSED / RESERVED","0","Retained; not presented by any current Result"
"SRC121-EXEC","تقديم طلب تنفيذ","وزارة العدل","https://www.moj.gov.sa/ar/eservices/pages/1c719954-3463-4754-85e1-1b319b937b86.aspx","UNUSED / RESERVED","0","Retained; not presented by any current Result"
"SRC121-TRIP","رحلة القضية","وزارة العدل","https://www.moj.gov.sa/ar/Ministry/Pages/CaseTripInMOJ.aspx","UNUSED / RESERVED","0","Retained; not presented by any current Result"
"SRC124-CLAIM","صحيفة دعوى","وزارة العدل","https://moj.gov.sa/ar/eServices/Pages/928b8f02-19a7-482b-ba0e-29a151d9a900.aspx","UNUSED / RESERVED","0","Retained; not presented by any current Result"
"SRC124-TRIP","رحلة القضية","وزارة العدل","https://www.moj.gov.sa/ar/Ministry/Pages/CaseTripInMOJ.aspx","UNUSED / RESERVED","0","Retained; not presented by any current Result"
"SRC125-CLAIM","صحيفة دعوى","وزارة العدل","https://www.moj.gov.sa/ar/eservices/pages/928b8f02-19a7-482b-ba0e-29a151d9a900.aspx","UNUSED / RESERVED","0","Retained; not presented by any current Result"
"SRC125-TRIP","رحلة القضية","وزارة العدل","https://www.moj.gov.sa/ar/Ministry/Pages/CaseTripInMOJ.aspx","UNUSED / RESERVED","0","Retained; not presented by any current Result"
"SRC127-CLAIM","صحيفة دعوى","وزارة العدل","https://moj.gov.sa/ar/eServices/Pages/928b8f02-19a7-482b-ba0e-29a151d9a900.aspx","UNUSED / RESERVED","0","Retained; not presented by any current Result"
"SRC127-TRIP","رحلة القضية","وزارة العدل","https://www.moj.gov.sa/ar/Ministry/Pages/CaseTripInMOJ.aspx","UNUSED / RESERVED","0","Retained; not presented by any current Result"
"SRC128-CLAIM","صحيفة دعوى","وزارة العدل","https://moj.gov.sa/ar/eServices/Pages/928b8f02-19a7-482b-ba0e-29a151d9a900.aspx","UNUSED / RESERVED","0","Retained; not presented by any current Result"
"SRC128-FAM","نظام الأحوال الشخصية - الوصية","هيئة الخبراء بمجلس الوزراء","https://laws.boe.gov.sa/BoeLaws/Laws/LawDetails/4d72d829-947b-45d5-b9b5-ae5800d6bac2/1","UNUSED / RESERVED","0","Retained; not presented by any current Result"
"SRC128-INHAAT","الخدمات الإنهائية - توثيق وصية","وزارة العدل","https://inhaatportal.moj.gov.sa/tabsnew.aspx","UNUSED / RESERVED","0","Retained; not presented by any current Result"
"SRC129-CLAIM","صحيفة دعوى","وزارة العدل","https://moj.gov.sa/ar/eServices/Pages/928b8f02-19a7-482b-ba0e-29a151d9a900.aspx","UNUSED / RESERVED","0","Retained; not presented by any current Result"
"SRC129-EVID","نظام الإثبات","هيئة الخبراء بمجلس الوزراء","https://laws.boe.gov.sa/BoeLaws/Laws/LawDetails/2716057c-c097-4bad-8e1e-ae1400c678d5/1","UNUSED / RESERVED","0","Retained; not presented by any current Result"
"SRC129-TRIP","رحلة القضية","وزارة العدل","https://www.moj.gov.sa/ar/Ministry/Pages/CaseTripInMOJ.aspx","UNUSED / RESERVED","0","Retained; not presented by any current Result"
"SRC130-CLAIM","صحيفة دعوى","وزارة العدل","https://www.moj.gov.sa/ar/eservices/pages/928b8f02-19a7-482b-ba0e-29a151d9a900.aspx","UNUSED / RESERVED","0","Retained; not presented by any current Result"
"SRC130-TRIP","رحلة القضية","وزارة العدل","https://www.moj.gov.sa/ar/Ministry/Pages/CaseTripInMOJ.aspx","UNUSED / RESERVED","0","Retained; not presented by any current Result"
"SRC132-EVID","نظام الإثبات","هيئة الخبراء بمجلس الوزراء","https://laws.boe.gov.sa/BoeLaws/Laws/LawDetails/2716057c-c097-4bad-8e1e-ae1400c678d5/1","UNUSED / RESERVED","0","Retained; not presented by any current Result"
"SRC132-MOJ","الخدمات القضائية الحالية","وزارة العدل","https://www.moj.gov.sa/ar/Pages/default.aspx","UNUSED / RESERVED","0","Retained; not presented by any current Result"
"SRC132-SLA","اتفاقية مستوى الخدمة","وزارة العدل","https://www.moj.gov.sa/ar/Ministry/Pages/SLA.aspx","UNUSED / RESERVED","0","Retained; not presented by any current Result"
"SRC133-CLAIM","صحيفة دعوى","وزارة العدل","https://www.moj.gov.sa/ar/eservices/pages/928b8f02-19a7-482b-ba0e-29a151d9a900.aspx","UNUSED / RESERVED","0","Retained; not presented by any current Result"
"SRC133-TRIP","رحلة القضية","وزارة العدل","https://www.moj.gov.sa/ar/Ministry/Pages/CaseTripInMOJ.aspx","UNUSED / RESERVED","0","Retained; not presented by any current Result"
"SRC134-CLAIM","صحيفة دعوى","وزارة العدل","https://moj.gov.sa/ar/eServices/Pages/928b8f02-19a7-482b-ba0e-29a151d9a900.aspx","UNUSED / RESERVED","0","Retained; not presented by any current Result"
"SRC134-TRIP","رحلة القضية","وزارة العدل","https://www.moj.gov.sa/ar/Ministry/Pages/CaseTripInMOJ.aspx","UNUSED / RESERVED","0","Retained; not presented by any current Result"
"SRC136-CLAIM","صحيفة دعوى","وزارة العدل","https://moj.gov.sa/ar/eServices/Pages/928b8f02-19a7-482b-ba0e-29a151d9a900.aspx","UNUSED / RESERVED","0","Retained; not presented by any current Result"
"SRC136-INHAAT","الخدمات الإنهائية - نقل إقامة الولي والاستمرار إلى صحيفة الدعوى","وزارة العدل","https://inhaatportal.moj.gov.sa/tabsnew.aspx","UNUSED / RESERVED","0","Retained; not presented by any current Result"
"SRC137-CLAIM","صحيفة دعوى","وزارة العدل","https://moj.gov.sa/ar/eServices/Pages/928b8f02-19a7-482b-ba0e-29a151d9a900.aspx","UNUSED / RESERVED","0","Retained; not presented by any current Result"
"SRC137-FAM","نظام الأحوال الشخصية - الحضانة","هيئة الخبراء بمجلس الوزراء","https://laws.boe.gov.sa/BoeLaws/Laws/LawDetails/4d72d829-947b-45d5-b9b5-ae5800d6bac2/1","UNUSED / RESERVED","0","Retained; not presented by any current Result"
"SRC137-TRIP","رحلة القضية","وزارة العدل","https://www.moj.gov.sa/ar/Ministry/Pages/CaseTripInMOJ.aspx","UNUSED / RESERVED","0","Retained; not presented by any current Result"
"SRC138-CLAIM","صحيفة دعوى","وزارة العدل","https://moj.gov.sa/ar/eServices/Pages/928b8f02-19a7-482b-ba0e-29a151d9a900.aspx","UNUSED / RESERVED","0","Retained; not presented by any current Result"
"SRC138-TRIP","رحلة القضية","وزارة العدل","https://www.moj.gov.sa/ar/Ministry/Pages/CaseTripInMOJ.aspx","UNUSED / RESERVED","0","Retained; not presented by any current Result"
"SRC139-MOJ","صحيفة الدعوى","وزارة العدل","https://moj.gov.sa/ar/eServices/Pages/928b8f02-19a7-482b-ba0e-29a151d9a900.aspx","UNUSED / RESERVED","0","Retained; not presented by any current Result"
"SRC139-TRIP","رحلة القضية","وزارة العدل","https://www.moj.gov.sa/ar/Ministry/Pages/CaseTripInMOJ.aspx","UNUSED / RESERVED","0","Retained; not presented by any current Result"
"SRC140-MOJ","صحيفة الدعوى والخدمات القضائية","وزارة العدل","https://www.moj.gov.sa/ar/Pages/default.aspx","UNUSED / RESERVED","0","Retained; not presented by any current Result"
"SRC140-TRIP","رحلة القضية","وزارة العدل","https://www.moj.gov.sa/ar/Ministry/Pages/CaseTripInMOJ.aspx","UNUSED / RESERVED","0","Retained; not presented by any current Result"
"SRC141-CALC","حساب المواريث","وزارة العدل","https://www.moj.gov.sa/ar/eServices/Pages/7f678c3b-6251-439e-ab04-64638df6635f.aspx","UNUSED / RESERVED","0","Retained; not presented by any current Result"
"SRC141-ESTATE","إصدار حصر تركة","وزارة العدل","https://www.moj.gov.sa/ar/eServices/pages/2841c3bc-6aea-4ef7-9c70-934c28952fd8.aspx","UNUSED / RESERVED","0","Retained; not presented by any current Result"
"SRC142-CLAIM","صحيفة دعوى","وزارة العدل","https://moj.gov.sa/ar/eServices/Pages/928b8f02-19a7-482b-ba0e-29a151d9a900.aspx","UNUSED / RESERVED","0","Retained; not presented by any current Result"
"SRC142-COURTS","محاكم الدرجة الأولى - اختصاص الأحوال الشخصية","وزارة العدل","https://www.moj.gov.sa/ar/Ministry/Courts/Pages/FirstCourts.aspx","UNUSED / RESERVED","0","Retained; not presented by any current Result"
"SRC142-PLEAD","نظام المرافعات الشرعية ولائحته التنفيذية","وزارة العدل","https://moj.gov.sa/Documents/Regulations/pdf/50.2.pdf","UNUSED / RESERVED","0","Retained; not presented by any current Result"
"SRC143-CALC","حساب المواريث","وزارة العدل","https://www.moj.gov.sa/ar/eServices/Pages/7f678c3b-6251-439e-ab04-64638df6635f.aspx","UNUSED / RESERVED","0","Retained; not presented by any current Result"
"SRC143-COURTS","اختصاص محاكم الأحوال الشخصية","وزارة العدل","https://moj.gov.sa/ar/Ministry/Courts/Pages/FirstCourts.aspx","UNUSED / RESERVED","0","Retained; not presented by any current Result"
"SRC143-ESTATE","قسمة تركة اتفاقية","وزارة العدل","https://www.moj.gov.sa/ar/eServices/Pages/f49aa181-459d-4d5f-b48c-64d092b919e6.aspx","UNUSED / RESERVED","0","Retained; not presented by any current Result"
"SRC144-COURTS","اختصاص محاكم الأحوال الشخصية","وزارة العدل","https://www.moj.gov.sa/ar/Ministry/Courts/Pages/FirstCourts.aspx","UNUSED / RESERVED","0","Retained; not presented by any current Result"
"SRC144-EXEC","طلب خدمة حضانة/تنفيذ أحوال شخصية","وزارة العدل","https://www.moj.gov.sa/ar/eservices/pages/739b4d6e-c736-4d27-ba3e-a6d17dd561aa.aspx","UNUSED / RESERVED","0","Retained; not presented by any current Result"
"SRC144-MOJ","صحيفة دعوى","وزارة العدل","https://www.moj.gov.sa/ar/eservices/pages/928b8f02-19a7-482b-ba0e-29a151d9a900.aspx","UNUSED / RESERVED","0","Retained; not presented by any current Result"
"SRC144-TRIP","رحلة القضية","وزارة العدل","https://www.moj.gov.sa/ar/Ministry/Pages/CaseTripInMOJ.aspx","UNUSED / RESERVED","0","Retained; not presented by any current Result"
"SRC145-ADHL","تعميم دعاوى العضل","وزارة العدل/المجلس الأعلى للقضاء","https://www.moj.gov.sa/Documents/Regulations/pdf/LegalPleadingsSystemAndItsExecutiveRegulations.pdf","UNUSED / RESERVED","0","Retained; not presented by any current Result"
"SRC145-MOJ","صحيفة الدعوى","وزارة العدل","https://www.moj.gov.sa/ar/Pages/default.aspx","UNUSED / RESERVED","0","Retained; not presented by any current Result"
"SRC145-TRIP","رحلة القضية","وزارة العدل","https://www.moj.gov.sa/ar/Ministry/Pages/CaseTripInMOJ.aspx","UNUSED / RESERVED","0","Retained; not presented by any current Result"
"SRC146-DIVIDE","قسمة تركة اتفاقية","وزارة العدل","https://www.moj.gov.sa/ar/eServices/Pages/f49aa181-459d-4d5f-b48c-64d092b919e6.aspx","UNUSED / RESERVED","0","Retained; not presented by any current Result"
"SRC146-ESTATE","إصدار حصر تركة","وزارة العدل","https://www.moj.gov.sa/ar/eServices/pages/2841c3bc-6aea-4ef7-9c70-934c28952fd8.aspx","UNUSED / RESERVED","0","Retained; not presented by any current Result"
"SRC146-MOJ","صحيفة الدعوى واختصاص الأحوال الشخصية","وزارة العدل","https://www.moj.gov.sa/ar/Pages/default.aspx","UNUSED / RESERVED","0","Retained; not presented by any current Result"
"SRC147-COST","نظام التكاليف القضائية","وزارة العدل","https://cfee.moj.gov.sa/system.html","UNUSED / RESERVED","0","Retained; not presented by any current Result"
"SRC148-APPEAL","محاكم الاستئناف","وزارة العدل","https://moj.gov.sa/ar/Ministry/Courts/Pages/courtOfCassation.aspx","UNUSED / RESERVED","0","Retained; not presented by any current Result"
"SRC148-CASS","طلب النقض","وزارة العدل","https://www.moj.gov.sa/ar/eServices/pages/aee148d0-b7f7-43eb-b1cf-8eabf4d8b10d.aspx","UNUSED / RESERVED","0","Retained; not presented by any current Result"
"SRC148-COST","نظام التكاليف القضائية","وزارة العدل","https://cfee.moj.gov.sa/system.html","UNUSED / RESERVED","0","Retained; not presented by any current Result"
"SRC148-HIGH","المحكمة العليا","وزارة العدل","https://www.moj.gov.sa/ar/Ministry/Courts/Pages/HighCourt.aspx","UNUSED / RESERVED","0","Retained; not presented by any current Result"
"SRC149-RIGHTS","حقوق المتهم في القبض والتوقيف والتحقيق","وزارة العدل","https://adlm.moj.gov.sa/attach/1412.pdf","UNUSED / RESERVED","0","Retained; not presented by any current Result"
"SRC150-LAW","نظام المحاماة والأسئلة الشائعة","وزارة العدل","https://moj.gov.sa/ar/Ministry/Departments/Mohammah/Pages/FAQ.aspx","UNUSED / RESERVED","0","Retained; not presented by any current Result"
"SRC150-NAJIZ","خدمات ناجز القضائية","وزارة العدل","https://www.moj.gov.sa/ar/UN-Metrices/Pages/default.aspx","UNUSED / RESERVED","0","Retained; not presented by any current Result"
"SRC151-OT","ساعات العمل الإضافية","وزارة الموارد البشرية والتنمية الاجتماعية","https://www.hrsd.gov.sa/knowledge-centre/articles/313","UNUSED / RESERVED","0","Retained; not presented by any current Result"
"SRC151-SAFETY","الأجر والحسم والعمل الإضافي","وزارة الموارد البشرية والتنمية الاجتماعية","https://www.hrsd.gov.sa/care-about-you/health-and-safety","UNUSED / RESERVED","0","Retained; not presented by any current Result"
"SRC151-SETTLE","التسوية الودية للخلافات العمالية","وزارة الموارد البشرية والتنمية الاجتماعية","https://www.hrsd.gov.sa/ministry-services/services/269970","UNUSED / RESERVED","0","Retained; not presented by any current Result"
"SRC152-AMEND","دليل استفسارات تعديلات نظام العمل","وزارة الموارد البشرية والتنمية الاجتماعية","https://www.hrsd.gov.sa/knowledge-centre/decisions-and-regulations/regulation-and-procedures/procedure","UNUSED / RESERVED","0","Retained; not presented by any current Result"
"SRC152-SETTLE","التسوية الودية للخلافات العمالية","وزارة الموارد البشرية والتنمية الاجتماعية","https://www.hrsd.gov.sa/ministry-services/services/269970","UNUSED / RESERVED","0","Retained; not presented by any current Result"
"SRC153-COPYEX","تنفيذ حكم نهائي لحق المؤلف","الهيئة السعودية للملكية الفكرية","https://www.saip.gov.sa/ar/services/copyrights/copyr5","UNUSED / RESERVED","0","Retained; not presented by any current Result"
"SRC153-FRLAW","نظام الامتياز التجاري","وزارة العدل","https://adlm.moj.gov.sa/attach/11488.pdf","UNUSED / RESERVED","0","Retained; not presented by any current Result"
"SRC153-PATEX","تنفيذ حكم نهائي لبراءة اختراع","الهيئة السعودية للملكية الفكرية","https://saip.gov.sa/ar/services/patents/patent19","UNUSED / RESERVED","0","Retained; not presented by any current Result"
"SRC154-SAIP-EXEC","تنفيذ حكم قضائي نهائي لحق المؤلف","الهيئة السعودية للملكية الفكرية","https://www.saip.gov.sa/ar/services/copyrights/copyr5","UNUSED / RESERVED","0","Retained; not presented by any current Result"
"SRC154-SAIP-RES","موارد الملكية الفكرية ومساراتها","الهيئة السعودية للملكية الفكرية","https://www.saip.gov.sa/ar/resources","UNUSED / RESERVED","0","Retained; not presented by any current Result"
"SRC155-COMMINFO","إصدار نظام المحاكم التجارية ولائحته التنفيذية","وزارة العدل","https://www.moj.gov.sa/Documents/91Facts.pdf","UNUSED / RESERVED","0","Retained; not presented by any current Result"
"SRC155-DEF","طلب مذكرة الدفاع الأولى","وزارة العدل","https://www.moj.gov.sa/ar/eServices/pages/bcdcda2b-1b77-428b-ae80-0dfc04bf07fa.aspx","UNUSED / RESERVED","0","Retained; not presented by any current Result"
"SRC156-COURT","محاكم التنفيذ","وزارة العدل","https://www.moj.gov.sa/ar/Ministry/Courts/Pages/EnforcementCourtsAndPanels.aspx","UNUSED / RESERVED","0","Retained; not presented by any current Result"
"SRC156-EXEC","تقديم طلب تنفيذ","وزارة العدل","https://www.moj.gov.sa/ar/eservices/pages/1c719954-3463-4754-85e1-1b319b937b86.aspx","UNUSED / RESERVED","0","Retained; not presented by any current Result"
"SRC66-EXEC-QUERY","استعلام عن طلب تنفيذ","وزارة العدل","https://www.moj.gov.sa/ar/eServices/pages/9bd2e276-3110-4e32-a00e-330de0fec9a4.aspx","UNUSED / RESERVED","0","Retained; not presented by any current Result"
"SRC66-PAY","إثبات السداد","وزارة العدل","https://www.moj.gov.sa/ar/eServices/pages/0fabf9ed-05ba-497e-9e4e-1e227103fc00.aspx","UNUSED / RESERVED","0","Retained; not presented by any current Result"
"SRC66-REACT","إعادة تفعيل طلب تنفيذ بعد انتهاء الإمهال","وزارة العدل","https://www.moj.gov.sa/ar/eServices/Pages/42bc9d16-70e4-43ad-bb8d-0a8e156ffb72.aspx","UNUSED / RESERVED","0","Retained; not presented by any current Result"
"SRC67-SLA","اتفاقية مستوى الخدمة","وزارة العدل","https://www.moj.gov.sa/ar/Ministry/Pages/SLA.aspx","UNUSED / RESERVED","0","Retained; not presented by any current Result"
"SRC68-CLAIM","رحلة القضية / صحيفة الدعوى","وزارة العدل","https://www.moj.gov.sa/ar/Ministry/Pages/CaseTripInMOJ.aspx","UNUSED / RESERVED","0","Retained; not presented by any current Result"
"SRC68-SLA","اتفاقية مستوى الخدمة","وزارة العدل","https://www.moj.gov.sa/ar/Ministry/Pages/SLA.aspx","UNUSED / RESERVED","0","Retained; not presented by any current Result"
"SRC69-CASETRIP","رحلة القضية في وزارة العدل","وزارة العدل","https://www.moj.gov.sa/ar/Ministry/Pages/CaseTripInMOJ.aspx","UNUSED / RESERVED","0","Retained; not presented by any current Result"
"SRC69-CLAIM","صحيفة دعوى","وزارة العدل","https://moj.gov.sa/ar/eServices/Pages/928b8f02-19a7-482b-ba0e-29a151d9a900.aspx","UNUSED / RESERVED","0","Retained; not presented by any current Result"
"SRC69-MOJ-HOME","الخدمات الإلكترونية الحالية","وزارة العدل","https://www.moj.gov.sa/ar/Pages/default.aspx","UNUSED / RESERVED","0","Retained; not presented by any current Result"
"SRC70-HEIRS","الدليل الإرشادي لخدمة توثيق ورثة متوفى","وزارة العدل","https://www.moj.gov.sa/sites/knowledgebase/Documents02/CRM_CCTS_50bfc830-c08d-437b-be81-3a7b8b2f0179.pdf","UNUSED / RESERVED","0","Retained; not presented by any current Result"
"SRC70-SLA","اتفاقية مستوى الخدمة","وزارة العدل","https://www.moj.gov.sa/ar/Ministry/Pages/SLA.aspx","UNUSED / RESERVED","0","Retained; not presented by any current Result"
"SRC71-DIVEXEC","تقديم طلب تنفيذ من نوع قسمة تركة","وزارة العدل","https://www.moj.gov.sa/Documents/Sharing/SubmittingDivisionOfEstateEnforcementRequestGuide.pdf","UNUSED / RESERVED","0","Retained; not presented by any current Result"
"SRC71-DIVIDE","قسمة تركة اتفاقية","وزارة العدل","https://www.moj.gov.sa/ar/eServices/Pages/f49aa181-459d-4d5f-b48c-64d092b919e6.aspx","UNUSED / RESERVED","0","Retained; not presented by any current Result"
"SRC71-MERATH","منصة التركات","وزارة العدل","https://merath.moj.gov.sa/","UNUSED / RESERVED","0","Retained; not presented by any current Result"
"SRC71-MOJ","الخدمات الإلكترونية الحالية","وزارة العدل","https://www.moj.gov.sa/ar/UN-Metrices/Pages/default.aspx","UNUSED / RESERVED","0","Retained; not presented by any current Result"
"SRC71-SLA","اتفاقية مستوى الخدمة","وزارة العدل","https://www.moj.gov.sa/ar/Ministry/Pages/SLA.aspx","UNUSED / RESERVED","0","Retained; not presented by any current Result"
"SRC71-SOCIAL","الخدمات الإنهائية/الحالات الاجتماعية","وزارة العدل","https://inhaatportal.moj.gov.sa/tabsnew.aspx","UNUSED / RESERVED","0","Retained; not presented by any current Result"
"SRC72-CPL","نظام المرافعات الشرعية","هيئة الخبراء بمجلس الوزراء","https://laws.boe.gov.sa/BoeLaws/Laws/LawDetails/f0eaae46-9f84-40ee-815e-a9a700f268b3/1","UNUSED / RESERVED","0","Retained; not presented by any current Result"
"SRC74-COST","التكاليف القضائية","وزارة العدل","https://cfee.moj.gov.sa/","UNUSED / RESERVED","0","Retained; not presented by any current Result"
"SRC74-SLA","اتفاقية مستوى الخدمة","وزارة العدل","https://www.moj.gov.sa/ar/Ministry/Pages/SLA.aspx","UNUSED / RESERVED","0","Retained; not presented by any current Result"
"SRC75-MOJ","الخدمات الإلكترونية - صحيفة دعوى","وزارة العدل","https://moj.gov.sa/ar/pages/default.aspx","UNUSED / RESERVED","0","Retained; not presented by any current Result"
"SRC76-ESTATE","إصدار حصر تركة","وزارة العدل","https://www.moj.gov.sa/ar/eServices/pages/2841c3bc-6aea-4ef7-9c70-934c28952fd8.aspx","UNUSED / RESERVED","0","Retained; not presented by any current Result"
"SRC76-MOJ","الخدمات الإلكترونية الحالية","وزارة العدل","https://www.moj.gov.sa/ar/UN-Metrices/Pages/default.aspx","UNUSED / RESERVED","0","Retained; not presented by any current Result"
"SRC77-EJAR-RES","عقد إيجار السكني","إيجار","https://www.ejar.sa/ar/page/19420","UNUSED / RESERVED","0","Retained; not presented by any current Result"
"SRC77-EXEC","تقديم طلب تنفيذ","وزارة العدل","https://www.moj.gov.sa/Documents/Sharing/ElectronicJudicialServices2.pdf","UNUSED / RESERVED","0","Retained; not presented by any current Result"
"SRC77-EXEC-GUIDE","دليل تقديم طلب تنفيذ","وزارة العدل","https://www.moj.gov.sa/sites/knowledgebase/Documents02/CRM_CCTS_7474b3a1-bfab-4b05-9069-689b44b9e75d.pdf","UNUSED / RESERVED","0","Retained; not presented by any current Result"
"SRC78-EXEC","تقديم طلب تنفيذ","وزارة العدل","https://www.moj.gov.sa/ar/eservices/pages/1c719954-3463-4754-85e1-1b319b937b86.aspx","UNUSED / RESERVED","0","Retained; not presented by any current Result"
"SRC78-MOJCASE","رحلة القضية في وزارة العدل","وزارة العدل","https://www.moj.gov.sa/ar/Ministry/Pages/CaseTripInMOJ.aspx","UNUSED / RESERVED","0","Retained; not presented by any current Result"
"SRC79-MEMO","طلب إيداع مذكرة","وزارة العدل","https://www.moj.gov.sa/sites/knowledgebase/Documents02/CRM_CCTS_71dca635-e208-4a28-b9fe-8dae2eecee2c.pdf","UNUSED / RESERVED","0","Retained; not presented by any current Result"
"SRC79-SLA","اتفاقية مستوى الخدمة","وزارة العدل","https://www.moj.gov.sa/ar/Ministry/Pages/SLA.aspx","UNUSED / RESERVED","0","Retained; not presented by any current Result"
"SRC79-STRUCK","طلب إعادة النظر في قضية مشطوبة","وزارة العدل","https://www.moj.gov.sa/sites/knowledgebase/Documents02/CRM_CCTS_85733b73-7ed0-4828-a352-6df7ae9f9dcd.pdf","UNUSED / RESERVED","0","Retained; not presented by any current Result"
"SRC80-EXECREQ","تقديم طلب تنفيذ","وزارة العدل","https://www.moj.gov.sa/ar/eservices/pages/1c719954-3463-4754-85e1-1b319b937b86.aspx","UNUSED / RESERVED","0","Retained; not presented by any current Result"
"SRC80-LIFT46","دليل طلب إصدار قرار رفع 46","وزارة العدل","https://www.moj.gov.sa/sites/knowledgebase/Documents02/CRM_CCTS_aec3b66e-9f50-45cc-aff2-17f162613248.pdf","UNUSED / RESERVED","0","Retained; not presented by any current Result"
"SRC80-TRANSFER","دليل طلب تحويل مبلغ محجوز","وزارة العدل","https://www.moj.gov.sa/sites/knowledgebase/Documents02/CRM_CCTS_3a3e0be7-b270-4afc-9da5-f30e5cf4c91f.pdf","UNUSED / RESERVED","0","Retained; not presented by any current Result"
"SRC81-QUERY","استعلام عن طلب تنفيذ","وزارة العدل","https://www.moj.gov.sa/ar/eServices/pages/9bd2e276-3110-4e32-a00e-330de0fec9a4.aspx","UNUSED / RESERVED","0","Retained; not presented by any current Result"
"SRC82-CUSTDOC","توثيق حضانة","وزارة العدل","https://www.moj.gov.sa/ar/eservices/pages/e2560f40-ddf8-4e37-b212-394787344aef.aspx","UNUSED / RESERVED","0","Retained; not presented by any current Result"
"SRC82-PSL","نظام الأحوال الشخصية","هيئة الخبراء بمجلس الوزراء","https://laws.boe.gov.sa/BoeLaws/Laws/LawDetails/4d72d829-947b-45d5-b9b5-ae5800d6bac2/1","UNUSED / RESERVED","0","Retained; not presented by any current Result"
"SRC83-DOMPDF","نص قواعد تسوية خلافات العمالة المنزلية 2026","وزارة الموارد البشرية والتنمية الاجتماعية","https://www.wide.hrsd.gov.sa/sites/default/files/2026-05/alqwa-d-walajraat-almnzmt-ltswyt-khlafat-al-malt-almnzlyt-wmn-fy-hkmhm---1-.pdf","UNUSED / RESERVED","0","Retained; not presented by any current Result"
"SRC84-EXEC","نظام التنفيذ","هيئة الخبراء بمجلس الوزراء","https://laws.boe.gov.sa/BoeLaws/Laws/LawDetails/c81ba2f1-1bf1-443b-9b1c-a9a700f27110/1","UNUSED / RESERVED","0","Retained; not presented by any current Result"
"SRC84-EXECREQ","تقديم طلب تنفيذ","وزارة العدل","https://www.moj.gov.sa/ar/eservices/pages/1c719954-3463-4754-85e1-1b319b937b86.aspx","UNUSED / RESERVED","0","Retained; not presented by any current Result"
"SRC85-BDOC","لائحة المعلومات والوثائق","لجنة الإفلاس","https://bankruptcy.gov.sa/en/BankruptcyLaw/StatutoryDocuments/Documents/InformationAndDocumentsRules.pdf","UNUSED / RESERVED","0","Retained; not presented by any current Result"
"SRC85-BGUIDE","الدليل الإرشادي لإجراءات الإفلاس","لجنة الإفلاس","https://bankruptcy.gov.sa/ar/KnowledgeCenter/Publications/Documents/B7.pdf","UNUSED / RESERVED","0","Retained; not presented by any current Result"
"SRC88-DEBTW","الإقرار بالتنازل عن دين","وزارة العدل","https://www.moj.gov.sa/ar/eServices/Pages/77e3313f-b87b-42c9-b146-b16b51ce768c.aspx","UNUSED / RESERVED","0","Retained; not presented by any current Result"
"SRC89-PAY","الإقرار بسداد دين","وزارة العدل","https://www.moj.gov.sa/ar/eServices/pages/20f22820-099f-49c2-b43d-42db8db0ac86.aspx","UNUSED / RESERVED","0","Retained; not presented by any current Result"
"SRC89-REC","الإقرار باستلام مبلغ مالي","وزارة العدل","https://www.moj.gov.sa/ar/eservices/pages/1d20b5c0-3f84-4374-92d1-0976a99322d5.aspx","UNUSED / RESERVED","0","Retained; not presented by any current Result"
"SRC89-WM","الإقرار بالتنازل عن مبلغ مالي","وزارة العدل","https://www.moj.gov.sa/ar/eServices/pages/e60fa60a-a113-4126-a1f4-be40896df5a2.aspx","UNUSED / RESERVED","0","Retained; not presented by any current Result"
"SRC90-REALREG","السجل العقاري","الهيئة العامة للعقار","https://rer.sa/","UNUSED / RESERVED","0","Retained; not presented by any current Result"
"SRC91-DATA","البيانات العقارية","وزارة العدل","https://www.moj.gov.sa/ar/eServices/Pages/943e79bb-1b55-49e1-bab8-dd2d356f882b.aspx","UNUSED / RESERVED","0","Retained; not presented by any current Result"
"SRC91-OPS","سجل العمليات العقارية","وزارة العدل","https://www.moj.gov.sa/ar/eservices/pages/3405697d-5a05-466b-91c3-145d93960a64.aspx","UNUSED / RESERVED","0","Retained; not presented by any current Result"
"SRC91-RELEASE","إنشاء طلب فك رهن عقاري","وزارة العدل","https://www.moj.gov.sa/ar/eServices/Pages/fb45c8c7-da49-4d25-b0ff-ad270dcad1a7.aspx","UNUSED / RESERVED","0","Retained; not presented by any current Result"
"SRC91-SLA","اتفاقية مستوى الخدمات الإلكترونية","وزارة العدل","https://www.moj.gov.sa/ar/Ministry/Pages/SLA.aspx","UNUSED / RESERVED","0","Retained; not presented by any current Result"
"SRC91-STOP","معالجة الصكوك الموقوفة والملغاة","وزارة العدل","https://www.moj.gov.sa/ar/eServices/Pages/ce63006b-bf3c-459a-9983-fc1ce2f49b76.aspx","UNUSED / RESERVED","0","Retained; not presented by any current Result"
"SRC92-CUSTODYLETTER","دليل طلب إصدار خطاب حضانة","وزارة العدل","https://www.moj.gov.sa/sites/knowledgebase/Documents02/CRM_CCTS_2c37a563-df95-416b-b229-e2d037a3e575.pdf","UNUSED / RESERVED","0","Retained; not presented by any current Result"
"SRC93-SLA","اتفاقية مستوى الخدمات الإلكترونية","وزارة العدل","https://www.moj.gov.sa/ar/Ministry/Pages/SLA.aspx","UNUSED / RESERVED","0","Retained; not presented by any current Result"
"SRC94-CUST","توثيق حضانة","وزارة العدل","https://moj.gov.sa/ar/eservices/pages/e2560f40-ddf8-4e37-b212-394787344aef.aspx","UNUSED / RESERVED","0","Retained; not presented by any current Result"
"SRC94-ESTATE","إصدار حصر تركة","وزارة العدل","https://www.moj.gov.sa/ar/eServices/pages/2841c3bc-6aea-4ef7-9c70-934c28952fd8.aspx","UNUSED / RESERVED","0","Retained; not presented by any current Result"
"SRC94-HEIR","إصدار حصر الورثة","وزارة العدل","https://www.moj.gov.sa/ar/eServices/Pages/17b08d90-809c-45cf-bd41-9eb8d15fabcb.aspx","UNUSED / RESERVED","0","Retained; not presented by any current Result"
"SRC94-HEIR-DIG","طلب رقمنة وثيقة حصر الورثة","وزارة العدل","https://www.moj.gov.sa/ar/eServices/Pages/f8cc5fe9-1957-41e5-a2d9-7ebad1e25ff3.aspx","UNUSED / RESERVED","0","Retained; not presented by any current Result"
"SRC94-MARR-NONSA","توثيق زواج أحد الزوجين غير سعودي","وزارة العدل","https://moj.gov.sa/ar/eServices/Pages/c5586468-24ca-47e2-81b6-625813dcfba2.aspx","UNUSED / RESERVED","0","Retained; not presented by any current Result"
"SRC94-MARR-PAPER","تصديق عقد زواج","وزارة العدل","https://www.moj.gov.sa/ar/eServices/pages/6f961e87-0b95-484a-9af7-055aeaf121c0.aspx","UNUSED / RESERVED","0","Retained; not presented by any current Result"
"SRC95-CPL","نظام المرافعات الشرعية","هيئة الخبراء بمجلس الوزراء","https://laws.boe.gov.sa/BoeLaws/Laws/LawDetails/f0eaae46-9f84-40ee-815e-a9a700f268b3/1","UNUSED / RESERVED","0","Retained; not presented by any current Result"
"SRC95-MOJ","الخدمات العدلية الإلكترونية","وزارة العدل","https://www.moj.gov.sa/ar/UN-Metrices/Pages/default.aspx","UNUSED / RESERVED","0","Retained; not presented by any current Result"
"SRC96-VERIFY","التحقق من وكالة","وزارة العدل","https://www.moj.gov.sa/ar/eServices/pages/67699648-9709-4d94-8d40-a427c4204fd5.aspx","UNUSED / RESERVED","0","Retained; not presented by any current Result"
"SRC97-CLAIM","صحيفة دعوى","وزارة العدل","https://moj.gov.sa/ar/eServices/Pages/928b8f02-19a7-482b-ba0e-29a151d9a900.aspx","UNUSED / RESERVED","0","Retained; not presented by any current Result"
"SRC97-COSTREG","اللائحة التنفيذية لنظام التكاليف القضائية","وزارة العدل","https://cfee.moj.gov.sa/executive.html","UNUSED / RESERVED","0","Retained; not presented by any current Result"
"SRC97-COSTSYS","نظام التكاليف القضائية","وزارة العدل","https://cfee.moj.gov.sa/system.html","UNUSED / RESERVED","0","Retained; not presented by any current Result"
"SRC97-TRIP","رحلة القضية في وزارة العدل","وزارة العدل","https://www.moj.gov.sa/ar/Ministry/Pages/CaseTripInMOJ.aspx","UNUSED / RESERVED","0","Retained; not presented by any current Result"
"SRC99-CLAIM","صحيفة دعوى","وزارة العدل","https://moj.gov.sa/ar/eServices/Pages/928b8f02-19a7-482b-ba0e-29a151d9a900.aspx","UNUSED / RESERVED","0","Retained; not presented by any current Result"
"SRC99-FIRST","محاكم الدرجة الأولى","وزارة العدل","https://www.moj.gov.sa/ar/Ministry/Courts/Pages/FirstCourts.aspx","UNUSED / RESERVED","0","Retained; not presented by any current Result"
"SRCNEXT-CIV","نظام المعاملات المدنية","هيئة الخبراء بمجلس الوزراء","https://laws.boe.gov.sa/BoeLaws/Laws/LawDetails/655fdb42-8c96-422b-b8c4-b04f0095c94c/1","UNUSED / RESERVED","0","Retained; not presented by any current Result"
"SRCNEXT-TRIP","رحلة القضية في وزارة العدل","وزارة العدل","https://www.moj.gov.sa/ar/Ministry/Pages/CaseTripInMOJ.aspx","UNUSED / RESERVED","0","Retained; not presented by any current Result"